URL,Complex Name,Address
https://www.apartments.com/the-reef-apartments-jacksonville-fl/x3mk9dp/,The Reef Apartments,"2753 Mayport Rd, Jacksonville, FL 32233"
https://www.apartments.com/pinnacle-jacksonville-fl/jbf6fm6/,Pinnacle,"8760 Pinnacle Park Blvd, Jacksonville, FL 32256"
https://www.apartments.com/the-maggie-flats-jacksonville-fl/ebvrkfq/,The Maggie Flats,"3730 DuPont Ave, Jacksonville, FL 32217"
https://www.apartments.com/pointe-grand-on-main-jacksonville-fl/jqq5zy5/,Pointe Grand on Main,"11833 N Main St, Jacksonville, FL 32218"
https://www.apartments.com/pointe-grand-jacksonville-west-jacksonville-fl/jx9rt66/,Pointe Grand Jacksonville West,"10350 103rd St, Jacksonville, FL 32210"
https://www.apartments.com/lofts-at-cathedral-jacksonville-fl/jhexjr7/,Lofts at Cathedral,"325 Duval St E, Jacksonville, FL 32202"
https://www.apartments.com/waterside-townhomes-at-river-city-jacksonville-fl/rq2tb02/,Waterside Townhomes at River City,"14277 River Station Ln, Jacksonville, FL 32218"
https://www.apartments.com/casa-solara-townhomes-jacksonville-fl/cdrx52d/,Casa Solara Townhomes,"14158 Wind Row Dr, Jacksonville, FL 32258"
https://www.apartments.com/the-landings-at-san-marco-jacksonville-fl/we2dnrk/,The Landings at San Marco,"2600 Art Museum Dr, Jacksonville, FL 32207"
https://www.apartments.com/red-bay-apartment-complex-jacksonville-fl/ksmqmkc/,Red Bay Apartment Complex,"7528 Arlington Expy, Jacksonville, FL 32211"
https://www.apartments.com/the-park-at-avellino-jacksonville-fl/zc6tk2w/,The Park at Avellino,"4500 Baymeadows Rd, Jacksonville, FL 32217"
https://www.apartments.com/oaks-at-normandy-apartments-jacksonville-fl/z8mr8ez/,Oaks at Normandy Apartments,"7777 Normandy Blvd, Jacksonville, FL 32221"
https://www.apartments.com/coastal-bay-jacksonville-fl/mhbm5el/,Coastal Bay,"2001 Hodges Blvd, Jacksonville, FL 32224"
https://www.apartments.com/northlake-apartments-jacksonville-fl/4wf2trj/,Northlake Apartments,"2445 Dunn Ave, Jacksonville, FL 32218"
https://www.apartments.com/terraces-at-town-center-jacksonville-fl/ct980jf/,Terraces at Town Center,"5140 Gate Pky N, Jacksonville, FL 32256"
https://www.apartments.com/lake-lofts-at-deerwood-jacksonville-fl/m4x9b7j/,Lake Lofts at Deerwood,"4360 Deerwood Lake Pky, Jacksonville, FL 32216"
https://www.apartments.com/11-east-forsyth-apartments-jacksonville-fl/flx8d1v/,11 East Forsyth Apartments,"11 E Forsyth St, Jacksonville, FL 32202"
https://www.apartments.com/the-drake-at-deerwood-jacksonville-fl/5gj5dpp/,The Drake at Deerwood,"9727 Touchton Rd, Jacksonville, FL 32246"
https://www.apartments.com/golden-shores-of-jacksonville-jacksonville-fl/t3pktn8/,Golden Shores of Jacksonville,"7703 Hare Ave, Jacksonville, FL 32211"
https://www.apartments.com/river-house-jacksonville-fl/n77nzxm/,River House,"1655 Prudential Dr, Jacksonville, FL 32207"
https://www.apartments.com/the-solera-at-kendall-west-jacksonville-fl/9jkyxe6/,The Solera at Kendall West,"1462 Solera Ter, Jacksonville, FL 32211"
https://www.apartments.com/the-oasis-at-town-center-jacksonville-fl/2bdvw38/,The Oasis at Town Center,"10667 Brightman Blvd, Jacksonville, FL 32246"
https://www.apartments.com/lofts-at-brooklyn-jacksonville-fl/9vd56b7/,Lofts at Brooklyn,"190 Chelsea St, Jacksonville, FL 32204"
https://www.apartments.com/exchange-at-orange-park-jacksonville-fl/j9zm524/,Exchange at Orange Park,"4925 Collins Rd, Jacksonville, FL 32244"
https://www.apartments.com/bainbridge-avenues-walk-jacksonville-fl/tccdjq9/,Bainbridge Avenues Walk,"10598 Cordgrass Ln, Jacksonville, FL 32258"
https://www.apartments.com/presidium-park-jacksonville-fl/zvgqxmy/,Presidium Park,"8181 AC Skinner Pky, Jacksonville, FL 32256"
https://www.apartments.com/volta-jacksonville-fl/fr9fqfs/,Volta,"11391 Square St, Jacksonville, FL 32256"
https://www.apartments.com/forena-luxury-living-jacksonville-fl/rr2s1k2/,Forena Luxury Living,"11727 Abess Blvd, Jacksonville, FL 32225"
https://www.apartments.com/collins-preserve-jacksonville-fl/zqet90z/,Collins Preserve,"5258 Collins Preserve Ln, Jacksonville, FL 32244"
https://www.apartments.com/seaton-preserve-jacksonville-fl/yj0rn3r/,Seaton Preserve,"1173 Pecan Park Rd, Jacksonville, FL 32218"
https://www.apartments.com/presidium-regal-jacksonville-fl/z5q53cw/,Presidium Regal,"14051 Beach Blvd, Jacksonville, FL 32250"
https://www.apartments.com/palacio-st-johns-fl/960h2y6/,Palacio,"130 N Big Cypress Dr, St Johns, FL 32259"
https://www.apartments.com/madison-fountains-saint-johns-fl/hgb0nt3/,Madison Fountains,"75 Teigan Trl, Saint Johns, FL 32259"
https://www.apartments.com/bainbridge-ponte-vedra-town-of-nocatee-fl/mqxg6bj/,Bainbridge Ponte Vedra,"440 Burbank Ave, Town Of Nocatee, FL 32081"
https://www.apartments.com/ascend-durbin-park-saint-johns-fl/g6gd7wz/,Ascend Durbin Park,"160 Bowling Green Way, Saint Johns, FL 32259"
https://www.apartments.com/hale-nani-neptune-beach-fl/lmbmsyf/,Hale Nani,"1100 Seagate Ave, Neptune Beach, FL 32266"
https://www.apartments.com/the-cove-at-atlantic-beach-atlantic-beach-fl/9f7m2r4/,The Cove at Atlantic Beach,"2160 Mayport Rd, Atlantic Beach, FL 32233"
https://www.apartments.com/the-elysian-saint-johns-fl/fpndlmt/,The Elysian,"65 Sentosa Dr, Saint Johns, FL 32259"
https://www.apartments.com/aria-durbin-creek-st-johns-fl/pp3825s/,Aria Durbin Creek,"15 Ascend Cir, St Johns, FL 32259"
https://www.apartments.com/grand-cypress-saint-johns-fl/6ekk1dv/,Grand Cypress,"125 Grand Cypress Dr, Saint Johns, FL 32259"
https://www.apartments.com/jack-on-beach-jacksonville-fl/rs15jg2/,Jack on Beach,"3460 Beach Blvd, Jacksonville, FL 32207"
https://www.apartments.com/one-riverside-jacksonville-fl/cm61rrd/,One Riverside,"1 Riverside Ave, Jacksonville, FL 32202"
https://www.apartments.com/the-vantage-apartments-jacksonville-fl/pqw5c4r/,The Vantage Apartments,"7960 Merchants Way, Jacksonville, FL 32222"
https://www.apartments.com/the-harper-at-trout-river-jacksonville-fl/df6hq6h/,The Harper at Trout River,"9805 Trout Tides Blvd, Jacksonville, FL 32219"
https://www.apartments.com/avia-lofts-on-liberty-ridge-jacksonville-fl/lwkkc1f/,AVIA Lofts on Liberty Ridge,"8365 Dix Ellis Trl, Jacksonville, FL 32256"
https://www.apartments.com/the-aston-at-town-center-jacksonville-fl/cjjgzgd/,The Aston at Town Center,"10655 Brightman Blvd, Jacksonville, FL 32246"
https://www.apartments.com/tropia-luxury-apartments-jacksonville-fl/8creng1/,Tropia Luxury Apartments,"13924 Egrets Nest Dr, Jacksonville, FL 32258"
https://www.apartments.com/aventon-highgrove-jacksonville-fl/c2e9qpf/,Aventon Highgrove,"11849 Palm Bay Pky, Jacksonville, FL 32256"
https://www.apartments.com/woodside-at-seven-pines-jacksonville-fl/psyzybt/,Woodside at Seven Pines,"11830 Buckfield Cir, Jacksonville, FL 32256"
https://www.apartments.com/beachline-jacksonville-fl/5r4t20n/,Beachline,"13305 Beach Blvd, Jacksonville, FL 32246"
https://www.apartments.com/artea-at-southbank-jacksonville-fl/c4vwx9e/,Artea at Southbank,"944 Broadcast Pl, Jacksonville, FL 32207"
https://www.apartments.com/lofts-at-san-marco-east-jacksonville-fl/ysflhrr/,Lofts at San Marco East,"3036 Philips Hwy, Jacksonville, FL 32207"
https://www.apartments.com/loggia-pointe-jacksonville-fl/t0bphqc/,Loggia Pointe,"12522 Loggia Ln, Jacksonville, FL 32218"
https://www.apartments.com/hurston-jacksonville-fl/xnb9vzp/,Hurston,"50 Lago Mar Way, Jacksonville, FL 32258"
https://www.apartments.com/olea-etown-jacksonville-fl/t1nxfn9/,Olea eTown,"11385 Exchange st, Jacksonville, FL 32256"
https://www.apartments.com/novo-westlake-jacksonville-fl/8g0blg0/,Novo Westlake,"4910 Samaritan Way, Jacksonville, FL 32210"
https://www.apartments.com/cottage-street-at-etown-jacksonville-fl/k42pcp9/,Cottage Street at eTown,"11100 Domain Dr, Jacksonville, FL 32256"
https://www.apartments.com/the-pointe-at-davis-creek-jacksonville-fl/2mmvc09/,The Pointe at Davis Creek,"12175 Philips Hwy, Jacksonville, FL 32256"
https://www.apartments.com/madison-palms-jacksonville-fl/xwk5hlm/,Madison Palms,"8300 Merrill Rd, Jacksonville, FL 32277"
https://www.apartments.com/north-pointe-residences-jacksonville-fl/11eqhx7/,North Pointe Residences,"11764 Robert Masters Blvd, Jacksonville, FL 32218"
https://www.apartments.com/huntington-forest-jacksonville-fl/v60p93g/,Huntington Forest,"6101 Old St Augustine Rd, Jacksonville, FL 32257"
https://www.apartments.com/maa-220-riverside-jacksonville-fl/8v1dqh2/,MAA 220 Riverside,"220 Riverside Ave, Jacksonville, FL 32202"
https://www.apartments.com/the-preserve-luxury-apartments-jacksonville-fl/m5zgyll/,The Preserve Luxury Apartments,"780 Island Point Dr, Jacksonville, FL 32218"
https://www.apartments.com/vue-at-baymeadows-jacksonville-fl/hpz9gn0/,Vue at Baymeadows,"8335 Freedom Crossing Trl, Jacksonville, FL 32256"
https://www.apartments.com/jaxbay-apartments-jacksonville-fl/g6dfhxz/,JaxBay Apartments,"3857 Pritmore Rd, Jacksonville, FL 32257"
https://www.apartments.com/riverbank-apartments-jacksonville-fl/yfbkhsv/,Riverbank Apartments,"1591 S Lane Ave, Jacksonville, FL 32210"
https://www.apartments.com/oasis-of-mandarin-jacksonville-fl/3p4thbg/,Oasis of Mandarin,"3355 Claire Ln, Jacksonville, FL 32223"
https://www.apartments.com/pier-5350-jacksonville-fl/tpgyv3b/,Pier 5350,"5350 Arlington Expy, Jacksonville, FL 32211"
https://www.apartments.com/auburn-glen-apartments-jacksonville-fl/17sx8l5/,Auburn Glen Apartments,"8024 Southside Blvd, Jacksonville, FL 32256"
https://www.apartments.com/rosemont-st-johns-jacksonville-fl/d2r6z7j/,Rosemont St Johns,"12310 Seacrest Ln, Jacksonville, FL 32224"
https://www.apartments.com/bentley-green-apartment-homes-jacksonville-fl/sh49236/,Bentley Green Apartment Homes,"8214 Princeton Square Blvd E, Jacksonville, FL 32256"
https://www.apartments.com/citigate-apartments-jacksonville-fl/0gpqft0/,Citigate Apartments,"8451 Gate Pky W, Jacksonville, FL 32216"
https://www.apartments.com/westland-park-jacksonville-fl/k361qlc/,Westland Park,"6710 Collins Rd, Jacksonville, FL 32244"
https://www.apartments.com/renaissance-at-strawberry-creek-jacksonville-fl/hb236b3/,Renaissance at Strawberry Creek,"7557 Arlington Expy, Jacksonville, FL 32211"
https://www.apartments.com/pickwick-flats-jacksonville-fl/6k8zhmv/,Pickwick Flats,"3580 Pall Mall Dr, Jacksonville, FL 32257"
https://www.apartments.com/marco-meadows-jacksonville-fl/059pn42/,Marco Meadows,"1706 Art Museum Dr, Jacksonville, FL 32207"
https://www.apartments.com/the-enclave-jacksonville-fl/8z2bdq3/,The Enclave,"13300 Atlantic Blvd, Jacksonville, FL 32225"
https://www.apartments.com/timucuan-lakeside-at-town-center-jacksonville-fl/crzqywg/,Timucuan Lakeside at Town Center,"10135 Gate Pky N, Jacksonville, FL 32246"
https://www.apartments.com/the-four-jacksonville-fl/lvlsprf/,The Four,"4870 E Deer Lake Dr, Jacksonville, FL 32246"
https://www.apartments.com/palms-at-beacon-pointe-jacksonville-fl/be17lxb/,Palms at Beacon Pointe,"1251 Beacon Point Dr, Jacksonville, FL 32246"
https://www.apartments.com/rivervue-avondale-jacksonville-fl/t0r85qc/,Rivervue Avondale,"3946 Saint Johns Ave, Jacksonville, FL 32205"
https://www.apartments.com/coquina-bay-jacksonville-fl/rccww03/,Coquina Bay,"3709 S San Pablo Rd S, Jacksonville, FL 32224"
https://www.apartments.com/seagrass-apartment-homes-jacksonville-fl/zgf299x/,Seagrass Apartment Homes,"1701 San Pablo Rd S, Jacksonville, FL 32224"
https://www.apartments.com/one-at-mandarin-jacksonville-fl/1hjwy97/,One at Mandarin,"4295 Sunbeam Rd, Jacksonville, FL 32257"
https://www.apartments.com/the-marley-at-trout-river-jacksonville-fl/c64ev7g/,The Marley at Trout River,"800-900 Broward Rd, Jacksonville, FL 32218"
https://www.apartments.com/maa-deerwood-jacksonville-fl/3c5kdjg/,MAA Deerwood,"10100 Baymeadows Rd, Jacksonville, FL 32256"
https://www.apartments.com/the-park-at-trapani-jacksonville-fl/c0660zd/,The Park at Trapani,"8401 Southside Blvd, Jacksonville, FL 32256"
https://www.apartments.com/links-at-windsor-parke-jacksonville-fl/82hknk0/,Links at Windsor Parke,"13700 Sutton Park Dr N, Jacksonville, FL 32224"
https://www.apartments.com/maa-belmont-jacksonville-fl/7n491dw/,MAA Belmont,"3900 Old Field Crossing Dr, Jacksonville, FL 32223"
https://www.apartments.com/maa-atlantic-jacksonville-fl/dgcv8pj/,MAA Atlantic,"1715 Hodges Blvd, Jacksonville, FL 32224"
https://www.apartments.com/kendall-lake-apartments-jacksonville-fl/rxr36v1/,Kendall Lake Apartments,"1140 Kendall Town Blvd, Jacksonville, FL 32225"
https://www.apartments.com/eddison-at-deerwood-park-jacksonville-fl/g5hql5y/,Eddison at Deerwood Park,"4435 Touchton Rd E, Jacksonville, FL 32246"
https://www.apartments.com/coventry-park-apartments-jacksonville-fl/0mmsgv2/,Coventry Park Apartments,"6650 Corporate Center Pky, Jacksonville, FL 32216"
https://www.apartments.com/vintage-grove-apartments-jacksonville-fl/6snzwzr/,Vintage Grove Apartments,"5262 Timuquana Rd, Jacksonville, FL 32210"
https://www.apartments.com/north-beach-on-kernan-jacksonville-fl/fmv2eqr/,North Beach on Kernan,"12193 Kernan Lake Dr, Jacksonville, FL 32246"
https://www.apartments.com/54-magnolia-jacksonville-fl/f70l1ht/,54 Magnolia,"9800 Touchton Rd, Jacksonville, FL 32246"
https://www.apartments.com/maa-mandarin-lakes-jacksonville-fl/17s3v57/,MAA Mandarin Lakes,"11001 Old Staugustine Rd, Jacksonville, FL 32257"
https://www.apartments.com/lakeside-jacksonville-fl/yqrce9v/,Lakeside,"8700 Southside Blvd, Jacksonville, FL 32256"
https://www.apartments.com/addison-landing-jacksonville-fl/txzkkz9/,Addison Landing,"9455 103rd St, Jacksonville, FL 32210"
https://www.apartments.com/trails-at-bartram-park-jacksonville-fl/l66gyrg/,Trails at Bartram Park,"13525 Bartram Park Blvd, Jacksonville, FL 32258"
https://www.apartments.com/heritage-deerwood-jacksonville-fl/nh6bqtp/,Heritage Deerwood,"10901 Burnt Mill Rd, Jacksonville, FL 32256"
https://www.apartments.com/the-square-at-59-caroline-jacksonville-fl/rrglsf0/,The Square at 59 Caroline,"5959 Fort Caroline Rd, Jacksonville, FL 32277"
https://www.apartments.com/island-pointe-jacksonville-fl/qjjqm5x/,Island Pointe,"1000 Island Point Dr, Jacksonville, FL 32218"
https://www.apartments.com/gran-bay-apartment-homes-jacksonville-fl/3zhl5ff/,Gran Bay Apartment Homes,"13444 Gran Bay Pky, Jacksonville, FL 32258"
https://www.apartments.com/tree-house-apartments-jacksonville-fl/rcqwyd2/,Tree House Apartments,"3500 University Blvd N, Jacksonville, FL 32277"
https://www.apartments.com/spyglass-jacksonville-fl/kggdqs9/,Spyglass,"8540 Homeplace Dr, Jacksonville, FL 32256"
https://www.apartments.com/park-place-apartments-jacksonville-fl/54glelm/,Park Place Apartments,"7514 Hogan Rd, Jacksonville, FL 32216"
https://www.apartments.com/the-reserve-at-st-johns-river-jacksonville-fl/ldw03yd/,The Reserve at St. Johns River,"5885 Edenfield Rd, Jacksonville, FL 32277"
https://www.apartments.com/mezza-apartments-jacksonville-fl/bktfsb8/,Mezza Apartments,"11701 Palm Lake Dr, Jacksonville, FL 32218"
https://www.apartments.com/the-commons-jacksonville-fl/f7mgl5r/,The Commons,"1721 Anniston Rd, Jacksonville, FL 32246"
https://www.apartments.com/the-meridian-jacksonville-fl/vv10ebd/,The Meridian,"653 Monument Rd, Jacksonville, FL 32225"
https://www.apartments.com/heron-walk-jacksonville-fl/t8twtqc/,Heron Walk,"7400 Powers Ave, Jacksonville, FL 32217"
https://www.apartments.com/sonoma-southside-rentals-jacksonville-fl/bdg4yn8/,Sonoma Southside Rentals,"7740 Southside Blvd, Jacksonville, FL 32256"
https://www.apartments.com/views-at-harbortown-jacksonville-fl/ds56knl/,Views at Harbortown,"14030 Atlantic Blvd, Jacksonville, FL 32225"
https://www.apartments.com/sola-south-lux-apartments-jacksonville-fl/rzb9g93/,SOLA South Lux Apartments,"8074 Gate Pkwy W, Jacksonville, FL 32216"
https://www.apartments.com/point-at-tamaya-jacksonville-fl/jcvb875/,Point at Tamaya,"3050 Tamaya Blvd, Jacksonville, FL 32246"
https://www.apartments.com/broxton-bay-apartments-jacksonville-fl/lvq8rbf/,Broxton Bay Apartments,"12900 Broxton Bay Dr, Jacksonville, FL 32218"
https://www.apartments.com/ciel-luxury-apartments-jacksonville-fl/n0br3wp/,Ciel Luxury Apartments,"4929 Skyway Dr, Jacksonville, FL 32246"
https://www.apartments.com/riverside-st-johns-jacksonville-fl/dr3pffl/,Riverside St. Johns,"555 Bishop Gate Ln, Jacksonville, FL 32204"
https://www.apartments.com/the-jaxon-jacksonville-fl/rgcm7h1/,The Jaxon,"4450 Tropea Way, Jacksonville, FL 32246"
https://www.apartments.com/jtb-apartments-jacksonville-fl/0ydrt02/,JTB Apartments,"8876 A.C. Skinner Pky, Jacksonville, FL 32256"
https://www.apartments.com/vera-jacksonville-fl/dh72xsk/,Vera,"13051 Gran Bay Pky, Jacksonville, FL 32258"
https://www.apartments.com/satori-town-center-jacksonville-fl/1678ee5/,Satori Town Center,"10640 Satori Ln, Jacksonville, FL 32256"
https://www.apartments.com/sur-southside-quarter-jacksonville-fl/wfn2bxk/,SUR Southside Quarter,"7385 Park Village Dr, Jacksonville, FL 32256"
https://www.apartments.com/soba-apartments-jacksonville-fl/8wtt583/,SoBA Apartments,"1444 Home St, Jacksonville, FL 32207"
https://www.apartments.com/san-marco-promenade-jacksonville-fl/lxnyf8d/,San Marco Promenade,"1905 Promenade Way, Jacksonville, FL 32207"
https://www.apartments.com/vista-brooklynn-apartments-jacksonville-fl/vk8ltce/,Vista Brooklynn Apartments,"200 Riverside Ave, Jacksonville, FL 32202"
https://www.apartments.com/lofts-at-jefferson-station-jacksonville-fl/y9c7j2s/,Lofts at Jefferson Station,"799 Water St, Jacksonville, FL 32204"
https://www.apartments.com/the-ridley-jacksonville-fl/y5ebpws/,The Ridley,"12517 Beach Blvd, Jacksonville, FL 32246"
https://www.apartments.com/lofts-at-baymeadows-jacksonville-fl/0l2k8h0/,Lofts at Baymeadows,"8050 Baymeadows Cir W, Jacksonville, FL 32256"
https://www.apartments.com/terrabella-jacksonville-fl/547f4mn/,Terrabella,"13723 Atlantic Blvd, Jacksonville, FL 32225"
https://www.apartments.com/tapestry-at-westland-village-jacksonville-fl/qk3mprw/,Tapestry at Westland Village,"6505 Collins Rd, Jacksonville, FL 32244"
https://www.apartments.com/argyle-lake-at-oakleaf-town-center-jacksonville-fl/e4h1yzq/,Argyle Lake at Oakleaf Town Center,"9849 Crosshill Blvd, Jacksonville, FL 32222"
https://www.apartments.com/the-felix-jacksonville-fl/pr75y3t/,The Felix,"11723 Wells Creek Pky, Jacksonville, FL 32256"
https://www.apartments.com/rise-julington-jacksonville-fl/5kc5tzp/,RISE Julington,"12397 San Jose Blvd, Jacksonville, FL 32223"
https://www.apartments.com/fountainhead-apartments-jacksonville-fl/v498rgg/,Fountainhead Apartments,"7237 Corklan Dr, Jacksonville, FL 32258"
https://www.apartments.com/the-hendricks-at-san-marco-jacksonville-fl/t5my1r8/,The Hendricks at San Marco,"1520 Alford Pl, Jacksonville, FL 32207"
https://www.apartments.com/lenox-cove-newly-designed-apartments-jacksonville-fl/8ktt8d0/,Lenox Cove | NEWLY-DESIGNED APARTMENTS,"8737 Baymeadows Rd, Jacksonville, FL 32256"
https://www.apartments.com/novo-kendall-town-jacksonville-fl/fswhtss/,Novo Kendall Town,"1290 Kendall Town Blvd, Jacksonville, FL 32225"
https://www.apartments.com/aventon-soraya-jacksonville-fl/cmvrdjd/,Aventon Soraya,"13163 Ranch Rd, Jacksonville, FL 32218"
https://www.apartments.com/avere-southside-quarter-jacksonville-fl/gdxpk2z/,AVERE SOUTHSIDE QUARTER,"7507 Park Village Dr, Jacksonville, FL 32256"
https://www.apartments.com/eden-at-kendall-west-jacksonville-fl/3vt604f/,Eden at Kendall West,"9105 Tredinick Pky, Jacksonville, FL 32211"
https://www.apartments.com/rise-bartram-park-jacksonville-fl/xtpj0rp/,RISE Bartram Park,"14900 Inspire Way, Jacksonville, FL 32258"
https://www.apartments.com/equinox-west-homes-for-rent-jacksonville-fl/3sekehe/,Equinox West - Homes for Rent,"8283 Meridian Rd, Jacksonville, FL 32256"
https://www.apartments.com/olea-beach-haven-jacksonville-fl/rbcbs73/,Olea Beach Haven,"4101 San Pablo Pky, Jacksonville, FL 32224"
https://www.apartments.com/longleaf-at-st-johns-jacksonville-fl/qcydvtw/,Longleaf at St. Johns,"100 Audubon Pl, Jacksonville, FL 32259"
https://www.apartments.com/integra-park-at-oakleaf-middleburg-fl/2hr7ywc/,Integra Park at Oakleaf,"824 Integra Park Dr, Middleburg, FL 32068"
https://www.apartments.com/sentosa-beach-walk-st-johns-fl/thyh5hc/,Sentosa Beach Walk,"35 Crystal Palm Blvd, St Johns, FL 32259"
https://www.apartments.com/rise-at-nocatee-ponte-vedra-beach-fl/fy17s8r/,RISE at Nocatee,"1200 Preservation Trl, Ponte Vedra Beach, FL 32081"
https://www.apartments.com/otter-run-apartments-atlantic-beach-fl/xted8qn/,Otter Run Apartments,"1025 Assisi Ln, Atlantic Beach, FL 32233"
https://www.apartments.com/surf-apartments-atlantic-beach-fl/rkglej3/,Surf Apartments,"2130 Mayport Rd, Atlantic Beach, FL 32233"
https://www.apartments.com/mallard-cove-apartments-atlantic-beach-fl/2y806pc/,Mallard Cove Apartments,"2900 State Road A1A, Atlantic Beach, FL 32233"
https://www.apartments.com/laurel-grove-apartment-homes-orange-park-fl/t1g9n5b/,Laurel Grove Apartment Homes,"2020 Wells Rd, Orange Park, FL 32073"
https://www.apartments.com/the-beach-house-jacksonville-beach-fl/x7rz9rm/,The Beach House,"1300 Shetter Ave, Jacksonville Beach, FL 32250"
https://www.apartments.com/the-villages-at-oakleaf-orange-park-fl/tbx1l59/,The Villages at Oakleaf,"573 Oakleaf Plantation Pky, Orange Park, FL 32065"
https://www.apartments.com/park-village-orange-park-fl/lgfp22d/,Park Village,"741 Park Ave, Orange Park, FL 32073"
https://www.apartments.com/the-atwater-at-nocatee-ponte-vedra-fl/3jc7s8f/,The Atwater at Nocatee,"50 Pine Shadow Pky, Ponte Vedra, FL 32081"
https://www.apartments.com/cadence-at-nocatee-ponte-vedra-fl/31nltlf/,Cadence at Nocatee,"380 Burbank Ave, Ponte Vedra, FL 32081"
https://www.apartments.com/creekfront-at-deerwood-jacksonville-fl/31zf0se/,Creekfront at Deerwood,"9803 Creekfront Rd, Jacksonville, FL 32256"
https://www.apartments.com/the-residences-at-enso-jacksonville-fl/qp0ysew/,The Residences at Enso,"3650 Enso Way, Jacksonville, FL 32224"
https://www.apartments.com/cypress-cove-jacksonville-fl/jltzr74/,Cypress Cove,"11110 Atlantic Blvd, Jacksonville, FL 32225"
https://www.apartments.com/avenue-at-timberlin-park-jacksonville-fl/pt2r38s/,Avenue at Timberlin Park,"7635 Timberlin Park Blvd, Jacksonville, FL 32256"
https://www.apartments.com/villas-at-st-johns-apartments-jacksonville-fl/w451jnj/,Villas at St Johns Apartments,"7595 Baymeadows Cir W, Jacksonville, FL 32256"
https://www.apartments.com/atlantica-apartments-jacksonville-fl/c6qht9f/,Atlantica Apartments,"2760 Mayport Rd, Jacksonville, FL 32233"
https://www.apartments.com/cue-luxury-living-jacksonville-fl/6p5ycdv/,Cue Luxury Living,"13504 Citicards Way, Jacksonville, FL 32258"
https://www.apartments.com/corner-on-main-jacksonville-fl/0mqqcd2/,Corner on Main,"1148 N Main St, Jacksonville, FL 32206"
https://www.apartments.com/avion-apartments-jacksonville-fl/7mrh3xx/,Avion Apartments,"12525 Tibbets Ln, Jacksonville, FL 32218"
https://www.apartments.com/the-station-at-san-marco-jacksonville-fl/bvtt759/,The Station at San Marco,"1300 Hendricks Ave, Jacksonville, FL 32207"
https://www.apartments.com/the-carlyle-at-bartram-park-jacksonville-fl/nrbd2rq/,The Carlyle at Bartram Park,"14701 Bartram Park Blvd, Jacksonville, FL 32258"
https://www.apartments.com/river-city-place-jacksonville-fl/l8p73re/,River City Place,"1275 Dunn Ave, Jacksonville, FL 32218"
https://www.apartments.com/mirador-stovall-at-river-city-jacksonville-fl/f6q33yr/,Mirador & Stovall at River City,"13100 Broxton Bay Dr, Jacksonville, FL 32218"
https://www.apartments.com/hillwood-pointe-apartments-jacksonville-fl/290n97b/,Hillwood Pointe Apartments,"12021 McCormick Rd, Jacksonville, FL 32225"
https://www.apartments.com/mirage-on-kernan-jacksonville-fl/k2kryv8/,Mirage on Kernan,"3601 Kernan Blvd S, Jacksonville, FL 32224"
https://www.apartments.com/the-waterford-at-mandarin-apartments-jacksonville-fl/h74n7q2/,The Waterford at Mandarin Apartments,"11247 San Jose Blvd, Jacksonville, FL 32223"
https://www.apartments.com/club-at-charter-pointe-jacksonville-fl/v579s1g/,Club at Charter Pointe,"5501 University Club Blvd N, Jacksonville, FL 32277"
https://www.apartments.com/steele-creek-jacksonville-fl/j99he35/,STEELE CREEK,"8599 AC Skinner Pky, Jacksonville, FL 32256"
https://www.apartments.com/lofts-at-murray-hill-jacksonville-fl/r1cl090/,Lofts at Murray Hill,"840 Edgewood Ave S, Jacksonville, FL 32205"
https://www.apartments.com/the-villas-at-dames-point-crossing-jacksonville-fl/2hrqlpc/,The Villas at Dames Point Crossing,"8291 Dames Point Crossing Blvd, Jacksonville, FL 32277"
https://www.apartments.com/the-coast-at-ponte-vedra-lakes-ponte-vedra-beach-fl/hhk6902/,The Coast at Ponte Vedra Lakes,"611 Ponte Vedra Lakes Blvd, Ponte Vedra Beach, FL 32082"
https://www.apartments.com/reserve-at-orange-park-orange-park-fl/2p8c5zb/,Reserve at Orange Park,"350 Crossings Blvd, Orange Park, FL 32073"
https://www.apartments.com/maa-tapestry-park-jacksonville-fl/ff6j8es/,MAA Tapestry Park,"9734 Tapestry Park Cir, Jacksonville, FL 32246"
https://www.apartments.com/courtney-meadows-jacksonville-fl/39cps3d/,Courtney Meadows,"7820 Baymeadows Rd E, Jacksonville, FL 32256"
https://www.apartments.com/park-7200-jacksonville-fl/sjtxhv4/,Park @ 7200,"7200 Powers Ave, Jacksonville, FL 32217"
https://www.apartments.com/lakewood-village-jacksonville-fl/4qe5gql/,Lakewood Village,"1542 Arcadia Dr, Jacksonville, FL 32207"
https://www.apartments.com/note-jacksonville-fl/cr9cw0e/,Note,"14041 Hyatt Rd, Jacksonville, FL 32218"
https://www.apartments.com/vernon-terrace-apartments-jacksonville-fl/689mkvt/,Vernon Terrace Apartments,"2737-2749 Vernon Ter, Jacksonville, FL 32205"
https://www.apartments.com/the-strand-jacksonville-fl/ss44977/,The Strand,"1401 Riverplace Blvd, Jacksonville, FL 32207"
https://www.apartments.com/avery-jacksonville-fl/7sfvp1x/,Avery,"14200 Duval Rd, Jacksonville, FL 32218"
https://www.apartments.com/concord-crossing-jacksonville-fl/t2l1b9b/,Concord Crossing,"7061 Old Kings Rd S, Jacksonville, FL 32217"
https://www.apartments.com/ocean-blue-jacksonville-fl/pgxgq4r/,Ocean Blue,"2701 Mayport Rd, Jacksonville, FL 32233"
https://www.apartments.com/integra-river-run-jacksonville-fl/97l7rv5/,Integra River Run,"14050 Integra Dr, Jacksonville, FL 32218"
https://www.apartments.com/woodlake-park-apartments-jacksonville-fl/tbddf48/,Woodlake Park Apartments,"9439 San Jose Blvd, Jacksonville, FL 32257"
https://www.apartments.com/evergreen-club-jacksonville-fl/e1r9hmm/,Evergreen Club,"9611 Southbrook Dr, Jacksonville, FL 32256"
https://www.apartments.com/the-park-at-via-veneto-jacksonville-fl/3j03xqe/,The Park at Via Veneto,"445 Monument Rd, Jacksonville, FL 32225"
https://www.apartments.com/club-at-danforth-jacksonville-fl/jlx62n4/,Club at Danforth,"3701 Danforth Dr, Jacksonville, FL 32224"
https://www.apartments.com/maa-mandarin-north-jacksonville-fl/vbl15se/,MAA Mandarin North,"10275 Old St Augustine Rd, Jacksonville, FL 32257"
https://www.apartments.com/the-vintage-at-plantation-bay-jacksonville-fl/21167xb/,The Vintage at Plantation Bay,"7740 Plantation Bay Dr, Jacksonville, FL 32244"
https://www.apartments.com/the-park-at-potenza-jacksonville-fl/jl47bq7/,The Park at Potenza,"10023 Belle Rive Blvd, Jacksonville, FL 32256"
https://www.apartments.com/maa-town-center-jacksonville-fl/j18hrg7/,MAA Town Center,"9825 Gate Pky N, Jacksonville, FL 32246"
https://www.apartments.com/lakeline-at-bartram-park-jacksonville-fl/km788jb/,Lakeline at Bartram Park,"13990 Bartram Park Blvd, Jacksonville, FL 32258"
https://www.apartments.com/the-avenues-jacksonville-fl/t2270cc/,The Avenues,"7915 Baymeadows Cir E, Jacksonville, FL 32256"
https://www.apartments.com/the-columns-jacksonville-fl/j1nj6v4/,The Columns,"333 Laurina St, Jacksonville, FL 32216"
https://www.apartments.com/the-barnett-jacksonville-fl/xwg41lq/,The Barnett,"112 W Adams St, Jacksonville, FL 32202"
https://www.apartments.com/the-park-at-milazzo-jacksonville-fl/mp2cryh/,The Park at Milazzo,"3551 San Pablo Rd S, Jacksonville, FL 32224"
https://www.apartments.com/banyan-bay-jacksonville-fl/6edkl9t/,Banyan Bay,"1700 San Pablo Rd S, Jacksonville, FL 32224"
https://www.apartments.com/springs-at-flagler-center-jacksonville-fl/zyt4chz/,Springs at Flagler Center,"12585 Flagler Center Blvd, Jacksonville, FL 32258"
https://www.apartments.com/the-park-at-anzio-jacksonville-fl/89r67n0/,The Park at Anzio,"4083 Sunbeam Rd, Jacksonville, FL 32257"
https://www.apartments.com/registry-at-windsor-parke-jacksonville-fl/0j5yhb1/,Registry at Windsor Parke,"13401 Sutton Park Dr S, Jacksonville, FL 32224"
https://www.apartments.com/the-sagefield-jacksonville-fl/shhktv4/,The Sagefield,"13283 N Main St, Jacksonville, FL 32218"
https://www.apartments.com/century-deerwood-park-jacksonville-fl/vgvhxef/,Century Deerwood Park,"8450 Gate Pky W, Jacksonville, FL 32216"
https://www.apartments.com/the-brooklyn-riverside-jacksonville-fl/gkec1bz/,The Brooklyn Riverside,"100 Magnolia St, Jacksonville, FL 32204"
https://www.apartments.com/portiva-jacksonville-fl/z2p7flz/,Portiva,"6898 A C Skinner Pky, Jacksonville, FL 32256"
https://www.apartments.com/bennett-creek-jacksonville-fl/f53st7r/,Bennett Creek,"6680 Bennett Creek Dr, Jacksonville, FL 32216"
https://www.apartments.com/saddle-brook-landings-jacksonville-fl/v68j5ve/,Saddle Brook Landings,"3037 John Hancock Ct, Jacksonville, FL 32221"
https://www.apartments.com/the-grove-at-deerwood-jacksonville-fl/hhbqbt1/,The Grove At Deerwood,"8231 Princeton Sq, Jacksonville, FL 32256"
https://www.apartments.com/caliente-apartments-jacksonville-fl/jzg9b06/,Caliente Apartments,"1029-1039 Caliente Dr, Jacksonville, FL 32211"
https://www.apartments.com/haven-at-parkside-jacksonville-fl/5yzf70m/,Haven at Parkside,"10825 Key Haven Blvd, Jacksonville, FL 32218"
https://www.apartments.com/monaco-arms-jacksonville-fl/d7x91hh/,Monaco Arms,"10415 Monaco Dr, Jacksonville, FL 32218"
https://www.apartments.com/arco-place-apartments-jacksonville-fl/qptjlhy/,Arco Place Apartments,"1035 Arco Dr, Jacksonville, FL 32211"
https://www.apartments.com/pinebrook-apartment-homes-jacksonville-fl/6tzbm1t/,Pinebrook Apartment Homes,"7500 Powers Ave, Jacksonville, FL 32217"
https://www.apartments.com/jasmine-jacksonville-fl/fxpkrms/,Jasmine,"11050 Harts Rd, Jacksonville, FL 32218"
https://www.apartments.com/courtyard-apartments-jacksonville-fl/pdk06jv/,Courtyard Apartments,"1606 King St, Jacksonville, FL 32204"
https://www.apartments.com/indigo-isles-jacksonville-fl/4pc2pll/,Indigo Isles,"8859 Old Kings Rd S, Jacksonville, FL 32257"
https://www.apartments.com/colonnade-at-regency-jacksonville-fl/2fqhtk8/,Colonnade at Regency,"989 Monument Rd, Jacksonville, FL 32225"
https://www.apartments.com/townsend-apartments-jacksonville-fl/xres4qp/,Townsend Apartments,"3501 Townsend Blvd, Jacksonville, FL 32277"
https://www.apartments.com/caroline-arms-apartments-jacksonville-fl/g841myz/,Caroline Arms Apartments,"6457 Fort Caroline Rd, Jacksonville, FL 32277"
https://www.apartments.com/the-park-at-alston-jacksonville-fl/rz60bq3/,The Park at Alston,"5170 Collins Rd, Jacksonville, FL 32244"
https://www.apartments.com/les-chateaux-jacksonville-fl/s3bncc5/,Les Chateaux,"7201 Arlington Expy, Jacksonville, FL 32211"
https://www.apartments.com/the-park-at-marbella-jacksonville-fl/evdl98m/,The Park at Marbella,"6017 Roosevelt Blvd, Jacksonville, FL 32244"
https://www.apartments.com/topaz-gardens-jacksonville-fl/2xcptc9/,Topaz Gardens,"7350 Blanding Blvd, Jacksonville, FL 32244"
https://www.apartments.com/jackson-palms-jacksonville-fl/4h12sjj/,Jackson Palms,"6610 Powers Ave, Jacksonville, FL 32217"
https://www.apartments.com/riverview-apartments-jacksonville-fl/zzl9tjz/,Riverview Apartments,"301 Caravan Cir, Jacksonville, FL 32216"
https://www.apartments.com/southside-commons-realty-llc-jacksonville-fl/jv6ykl5/,Southside Commons Realty LLC,"9801 Old Baymeadows Rd, Jacksonville, FL 32256"
https://www.apartments.com/paradise-island-jacksonville-fl/zgx4jby/,Paradise Island,"7651 Paradise Island Blvd, Jacksonville, FL 32256"
https://www.apartments.com/the-village-at-san-jose-apartments-jacksonville-fl/t4xx25b/,The Village at San Jose Apartments,"5551 Auburn Rd, Jacksonville, FL 32207"
https://www.apartments.com/cross-creek-apartments-jacksonville-fl/qqxf1gy/,Cross Creek Apartments,"1441 Manotak Ave, Jacksonville, FL 32210"
https://www.apartments.com/park-south-at-deerwood-jacksonville-fl/v0sznhd/,Park South at Deerwood,"7932 Southside Blvd, Jacksonville, FL 32256"
https://www.apartments.com/the-villas-at-ortega-jacksonville-fl/bq2484b/,The Villas at Ortega,"5327 Timuquana Rd, Jacksonville, FL 32210"
https://www.apartments.com/peoples-choice-apartments-llc-jacksonville-fl/gngyh2w/,Peoples Choice Apartments LLC,"2501 Jammes Rd, Jacksonville, FL 32210"
https://www.apartments.com/discovery-trails-middleburg-fl/j2th927/,Discovery Trails,"806 Voyager Trl, Middleburg, FL 32068"
https://www.apartments.com/seaside-apartments-atlantic-beach-fl/rrdzv71/,Seaside Apartments,"1085 Atlantic Blvd, Atlantic Beach, FL 32233"
https://www.apartments.com/bluwater-jacksonville-beach-fl/1gnncx7/,BluWater,"711 Beach Blvd, Jacksonville Beach, FL 32250"
https://www.apartments.com/reserve-at-nocatee-ponte-vedra-fl/esh33qm/,Reserve at Nocatee,"215 Hunters Lake Way, Ponte Vedra, FL 32081"
https://www.apartments.com/arbors-at-orange-park-orange-park-fl/4bp63rh/,Arbors at Orange Park,"198 Arora Blvd, Orange Park, FL 32073"
https://www.apartments.com/33-east-atlantic-beach-fl/mxtc6sj/,33 East,"2610 State Rd, Atlantic Beach, FL 32233"
https://www.apartments.com/ocean-reef-residences-jacksonville-beach-fl/hdl0h90/,Ocean Reef Residences,"220 5th Ave S, Jacksonville Beach, FL 32250"
https://www.apartments.com/elena-flats-jacksonville-fl/1v32cw6/,Elena Flats,"122 E Duval St, Jacksonville, FL 32202"
https://www.apartments.com/the-maggie-towns-jacksonville-fl/qk54znw/,The Maggie Towns,"6765 St. Augustine Rd, Jacksonville, FL 32217"
https://www.apartments.com/the-uptown-at-st-johns-jacksonville-fl/s7hwdb6/,The Uptown at St. Johns,"5290 Big Island Dr, Jacksonville, FL 32246"
https://www.apartments.com/beach-villas-jacksonville-fl/dxnpzzl/,Beach Villas,"11555 Beach Blvd, Jacksonville, FL 32246"
https://www.apartments.com/san-marco-square-apartments-jacksonville-fl/35msege/,San Marco Square Apartments,"1924 Danese Ct, Jacksonville, FL 32207"
https://www.apartments.com/oakleaf-plantation-apartments-jacksonville-fl/9s95w36/,Oakleaf Plantation Apartments,"250 Cherry Ridge Dr, Jacksonville, FL 32222"
https://www.apartments.com/pointe-parc-at-st-johns-jacksonville-fl/fr3c9jv/,Pointe Parc at St. Johns,"7524 Southside Blvd, Jacksonville, FL 32256"
https://www.apartments.com/magnolia-village-jacksonville-fl/jjv98s7/,Magnolia Village,"1620 Bartram Rd, Jacksonville, FL 32207"
https://www.apartments.com/caroline-village-jacksonville-fl/8cq8l42/,Caroline Village,"2929 Justina Rd, Jacksonville, FL 32277"
https://www.apartments.com/monterey-at-beach-boulevard-jacksonville-fl/ktfsxpc/,Monterey at Beach Boulevard,"12171 Beach Blvd, Jacksonville, FL 32246"
https://www.apartments.com/jacksonville-heights-apartments-homes-jacksonville-fl/bnv26yc/,Jacksonville Heights Apartments Homes,"8050 103rd St, Jacksonville, FL 32210"
https://www.apartments.com/the-dunes-apartments-jacksonville-fl/bcjw918/,The Dunes Apartments,"11425 Mccormick Rd, Jacksonville, FL 32225"
https://www.apartments.com/the-place-at-capper-landing-jacksonville-fl/35m5hqg/,The Place at Capper Landing,"10535 Lem Turner Rd, Jacksonville, FL 32218"
https://www.apartments.com/melissa-grove-jacksonville-fl/tn8bsyc/,Melissa Grove,"6555 Lenox Ave, Jacksonville, FL 32205"
https://www.apartments.com/arium-seaglass-at-ponte-vedra-beach-ponte-vedra-fl/q13d67w/,ARIUM Seaglass at Ponte Vedra Beach,"100 Lake Vista Dr, Ponte Vedra, FL 32082"
https://www.apartments.com/parkland-at-orange-park-orange-park-fl/dbem4bj/,Parkland at Orange Park,"1863 Wells Rd, Orange Park, FL 32073"
https://www.apartments.com/mirage-at-southpoint-jacksonville-fl/q65rpzx/,Mirage at Southpoint,"3530-3541 Victoria Park Rd, Jacksonville, FL 32216"
https://www.apartments.com/drift-at-town-center-east-apartments-jacksonville-fl/hyl9f02/,Drift at Town Center East Apartments,"5000 Kernan Blvd S, Jacksonville, FL 32224"
https://www.apartments.com/the-palms-at-2800-jacksonville-fl/n847mrp/,The Palms at 2800,"2800 University Blvd S, Jacksonville, FL 32216"
https://www.apartments.com/westlake-landing-jacksonville-fl/hezw580/,Westlake Landing,"9174 Red Bird Ln, Jacksonville, FL 32220"
https://www.apartments.com/southerly-at-southbank-jacksonville-fl/kx654cc/,SOUTHERLY AT SOUTHBANK,"959 Prudential Dr, Jacksonville, FL 32207"
https://www.apartments.com/sayla-luxury-living-jacksonville-fl/vz9hqyg/,Sayla Luxury Living,"14304 Marina San Pablo Pl, Jacksonville, FL 32224"
https://www.apartments.com/eastborough-san-marco-jacksonville-fl/swytz34/,Eastborough San Marco,"1906 Promenade Way, Jacksonville, FL 32207"
https://www.apartments.com/barlow-jacksonville-fl/0jwp152/,BARLOW,"1900 Olevia St, Jacksonville, FL 32207"
https://www.apartments.com/sands-on-beach-jacksonville-fl/hcgy4q0/,Sands on Beach,"11990 Beach Blvd, Jacksonville, FL 32246"
https://www.apartments.com/southwest-villas-jacksonville-fl/bzn418b/,Southwest Villas,"5565 Connie Jean Rd, Jacksonville, FL 32222"
https://www.apartments.com/creekside-park-jacksonville-fl/dg6mzxh/,Creekside Park,"5900 Townsend Rd, Jacksonville, FL 32244"
https://www.apartments.com/wyndham-lakes-55-active-adult-community-jacksonville-fl/8c4hnx3/,Wyndham Lakes - 55+ Active Adult Community,"10660 Old Saint Augustine Rd, Jacksonville, FL 32257"
https://www.apartments.com/landings-at-lake-gray-jacksonville-fl/cb6z33e/,Landings at Lake Gray,"6500 Lake Gray Blvd, Jacksonville, FL 32244"
https://www.apartments.com/village-walk-jacksonville-fl/rewsk32/,Village Walk,"7651 Gate Pky E, Jacksonville, FL 32256"
https://www.apartments.com/exchange-jacksonville-fl/tr3d3r8/,Exchange,"1810 Bertha St, Jacksonville, FL 32207"
https://www.apartments.com/university-square-apartments-jacksonville-fl/bgg2wn9/,University Square Apartments,"3420 S University Blvd, Jacksonville, FL 32216"
https://www.apartments.com/creekwood-club-jacksonville-fl/xdwemzp/,Creekwood Club,"8343 Hogan Rd, Jacksonville, FL 32216"
https://www.apartments.com/cypress-landing-jacksonville-fl/hnbq132/,Cypress Landing,"4813 Moncrief Rd, Jacksonville, FL 32209"
https://www.apartments.com/beach-bluff-apartments-jacksonville-fl/qgqcczy/,Beach Bluff Apartments,"3210 Discovery Way, Jacksonville, FL 32224"
https://www.apartments.com/summer-glen-apartments-jacksonville-fl/2b1ezzc/,Summer Glen Apartments,"6090 Terry Rd, Jacksonville, FL 32216"
https://www.apartments.com/the-point-at-arrowhead-jacksonville-fl/mtvtllk/,The Point at Arrowhead,"10101 Arrowhead Dr, Jacksonville, FL 32257"
https://www.apartments.com/riverside-apartments-jacksonville-fl/0zxmdx2/,Riverside Apartments,"2335 Riverside Ave, Jacksonville, FL 32204"
https://www.apartments.com/antlers-apartments-jacksonville-fl/6154fyv/,Antlers Apartments,"8433 Southside Blvd, Jacksonville, FL 32256"
https://www.apartments.com/edens-edge-apartments-jacksonville-fl/0lf92b0/,Edens Edge Apartments,"7101 Wilson Blvd, Jacksonville, FL 32210"
https://www.apartments.com/the-kensley-jacksonville-fl/enghgzp/,The Kensley,"6371 Collins Rd, Jacksonville, FL 32244"
https://www.apartments.com/timberwalk-at-mandarin-jacksonville-fl/cclf3ff/,Timberwalk at Mandarin,"10263 Whispering Forest Dr, Jacksonville, FL 32257"
https://www.apartments.com/mandarin-lanai-jacksonville-fl/3rn050g/,Mandarin Lanai,"3909 Sunbeam Rd, Jacksonville, FL 32257"
https://www.apartments.com/manchester-jacksonville-fl/q2d3pfx/,Manchester,"2900 Coronet Ln, Jacksonville, FL 32207"
https://www.apartments.com/the-loree-jacksonville-fl/qz0b86z/,The Loree,"8649 AC Skinner Pkwy, Jacksonville, FL 32256"
https://www.apartments.com/sound-at-peninsula-jacksonville-fl/h28c8z0/,Sound at Peninsula,"4455 Confederate Point Rd, Jacksonville, FL 32210"
https://www.apartments.com/arelia-james-island-jacksonville-fl/gw7h7gx/,Arelia James Island,"5230 S Gate Pky, Jacksonville, FL 32256"
https://www.apartments.com/terrapin-station-jacksonville-fl/85l8gk0/,Terrapin Station,"237 Terrapin Ct, Jacksonville, FL 32218"
https://www.apartments.com/arbor-place-apartments-jacksonville-fl/e6rb7dp/,Arbor Place Apartments,"5800 Barnes Rd S, Jacksonville, FL 32216"
https://www.apartments.com/florida-christian-apartments-jacksonville-fl/z956qwy/,Florida Christian Apartments,"1115 Edgewood Ave S, Jacksonville, FL 32205"
https://www.apartments.com/waterwalk-jacksonville-jacksonville-fl/k0klfs9/,WaterWalk Jacksonville,"8895 Perimeter Park Blvd, Jacksonville, FL 32216"
https://www.apartments.com/willow-trail-jacksonville-fl/eg2ytmq/,Willow Trail,"1700 Mindanao Dr, Jacksonville, FL 32246"
https://www.apartments.com/arcona-grove-jacksonville-fl/x94pwsm/,Arcona Grove,"3200 Hartley Rd, Jacksonville, FL 32257"
https://www.apartments.com/olympus-preserve-at-town-center-jacksonville-fl/nffry6m/,Olympus Preserve at Town Center,"7738 A C Skinner Pky, Jacksonville, FL 32256"
https://www.apartments.com/pinewood-pointe-apartments-jacksonville-fl/zp5qp3y/,Pinewood Pointe Apartments,"1801 Kernan Blvd, Jacksonville, FL 32246"
https://www.apartments.com/the-fountains-at-deerwood-jacksonville-fl/4hlyfgl/,The Fountains at Deerwood,"7816 Southside Blvd, Jacksonville, FL 32256"
https://www.apartments.com/laurel-pointe-jacksonville-fl/epce50m/,Laurel Pointe,"3000 Coronet Ln, Jacksonville, FL 32207"
https://www.apartments.com/patriot-plaza-jacksonville-fl/3dfqtde/,Patriot Plaza,"3780 University Club Blvd, Jacksonville, FL 32277"
https://www.apartments.com/bella-terraza-jacksonville-fl/t8x6nxc/,Bella Terraza,"355 MONUMENT, Jacksonville, FL 32225"
https://www.apartments.com/canopy-at-belfort-park-jacksonville-fl/th1bw88/,Canopy at Belfort Park,"7750 Belfort Pky, Jacksonville, FL 32256"
https://www.apartments.com/cove-at-peninsula-jacksonville-fl/vz8ente/,Cove at Peninsula,"4207 Confederate Point Rd, Jacksonville, FL 32210"
https://www.apartments.com/bayside-at-peninsula-jacksonville-fl/59kt1cq/,Bayside at Peninsula,"4375 Confederate Point Rd, Jacksonville, FL 32210"
https://www.apartments.com/the-colony-at-deerwood-apartments-jacksonville-fl/3420j2e/,The Colony at Deerwood Apartments,"10010 Skinner Lake Dr, Jacksonville, FL 32246"
https://www.apartments.com/morris-manor-jacksonville-fl/gmtvemx/,Morris Manor,"9050 Norfolk Blvd, Jacksonville, FL 32208"
https://www.apartments.com/avenue-1601-jacksonville-fl/d9y805j/,Avenue 1601,"1601 Dunn Ave, Jacksonville, FL 32218"
https://www.apartments.com/grande-court-apartments-jacksonville-fl/6xetlnr/,Grande Court Apartments,"7610 Blanding Blvd, Jacksonville, FL 32244"
https://www.apartments.com/treeline-trails-jacksonville-fl/nrs641m/,Treeline Trails,"15647 Woodbury Dr, Jacksonville, FL 32234"
https://www.apartments.com/madison-manor-active-adult-community-55yrs-jacksonville-fl/rgqc3m0/,Madison Manor Active Adult Community 55yrs+,"7400 Hogan Rd, Jacksonville, FL 32216"
https://www.apartments.com/brookwood-club-jacksonville-fl/ldmzc3e/,Brookwood Club,"1385 Brookwood Forest Blvd, Jacksonville, FL 32225"
https://www.apartments.com/san-jose-towers-jacksonville-fl/b8zdlbb/,San Jose Towers,"7124 Ponce de Leon Ave, Jacksonville, FL 32217"
https://www.apartments.com/savannah-springs-jacksonville-fl/w5fq9hl/,Savannah Springs,"6945 Morse Ave, Jacksonville, FL 32244"
https://www.apartments.com/mission-pointe-jacksonville-fl/q8py50y/,Mission Pointe,"12450 Biscayne Blvd, Jacksonville, FL 32218"
https://www.apartments.com/courtney-manor-apartments-jacksonville-fl/1gdxzf5/,Courtney Manor Apartments,"5620 Collins Rd, Jacksonville, FL 32244"
https://www.apartments.com/jackson-commons-jacksonville-fl/zhhz3ex/,Jackson Commons,"3631 University Blvd, Jacksonville, FL 32277"
https://www.apartments.com/new-jax-apts-jacksonville-fl/lc3tkfd/,NEW JAX APTS,"2852 W 1st St, Jacksonville, FL 32254"
https://www.apartments.com/oaks-on-monument-jacksonville-fl/01xcd01/,Oaks on Monument,"401 Monument Rd, Jacksonville, FL 32225"
https://www.apartments.com/trollie-lane-apartments-jacksonville-fl/sk4qvr5/,Trollie Lane Apartments,"2600-2641 Trollie Ln, Jacksonville, FL 32211"
https://www.apartments.com/casa-bella-jacksonville-fl/11zj5r7/,Casa Bella,"5791 University Club Blvd N, Jacksonville, FL 32277"
https://www.apartments.com/edge-at-town-center-the-jacksonville-fl/pzt1grr/,"Edge at Town Center, The","3544 Saint Johns Bluff Rd S, Jacksonville, FL 32224"
https://www.apartments.com/the-belmont-jacksonville-fl/gwxn8vy/,The Belmont,"5928 Firestone Rd, Jacksonville, FL 32244"
https://www.apartments.com/kings-trail-apartment-homes-jacksonville-fl/klp7hkb/,Kings Trail Apartment Homes,"3770 Toledo Rd, Jacksonville, FL 32217"
https://www.apartments.com/the-element-at-river-pointe-jacksonville-fl/xh8v3vq/,The Element at River Pointe,"11291 Harts Rd, Jacksonville, FL 32218"
https://www.apartments.com/pine-meadows-apartments-jacksonville-fl/vq3y1wg/,Pine Meadows Apartments,"3451 Saland Way, Jacksonville, FL 32246"
https://www.apartments.com/miramar-jacksonville-fl/mz4t79l/,Miramar,"3131 University Blvd N, Jacksonville, FL 32211"
https://www.apartments.com/boat-house-jacksonville-fl/67ck4gs/,Boat House,"400 - 21 Century Dr, Jacksonville, FL 32216"
https://www.apartments.com/shore-house-jacksonville-fl/j5n3yw4/,Shore House,"401 Century 21 Dr, Jacksonville, FL 32216"
https://www.apartments.com/the-park-at-matera-orange-park-fl/pxgnz9v/,The Park at Matera,"2150 Spencer Rd, Orange Park, FL 32073"
https://www.apartments.com/sea-oats-apartments-atlantic-beach-fl/4lg1y4h/,Sea Oats Apartments,"900 Plaza, Atlantic Beach, FL 32233"
https://www.apartments.com/mills-creek-preserve-yulee-fl/stj4sc7/,Mills Creek Preserve,"74700 Mills Preserve Cir, Yulee, FL 32097"
https://www.apartments.com/siegel-select-jacksonville-orange-park-orange-park-fl/ds49m1k/,Siegel Select Jacksonville/Orange Park,"1656 Wells Rd, Orange Park, FL 32073"
https://www.apartments.com/tidewater-at-atlantic-beach-apartment-homes-atlantic-beach-fl/3q8rtxe/,Tidewater at Atlantic Beach Apartment Homes,"2768 State Road A1a, Atlantic Beach, FL 32233"
https://www.apartments.com/st-johns-pointe-apartment-homes-orange-park-fl/bj48fvc/,St. Johns Pointe Apartment Homes,"141 Old Orange Park Rd, Orange Park, FL 32073"
https://www.apartments.com/alexander-pointe-orange-park-fl/h28m0z2/,Alexander Pointe,"2121 Burwick Ave, Orange Park, FL 32073"
https://www.apartments.com/riverside-at-orange-park-orange-park-fl/x20c1rq/,Riverside at Orange Park,"606 Park Ave, Orange Park, FL 32073"
https://www.apartments.com/villas-continental-orange-park-fl/q85w26z/,Villas Continental,"2223 Astor St, Orange Park, FL 32073"
https://www.apartments.com/victoria-at-orange-park-orange-park-fl/3ykqh0d/,Victoria at Orange Park,"1710 Wells Rd, Orange Park, FL 32073"
https://www.apartments.com/3334-rayford-street-jacksonville-fl/59wk2pn/,3334 Rayford Street,"3334 Rayford Street, Jacksonville, FL 32205"
https://www.apartments.com/8259-hedgewood-dr-jacksonville-fl/vsq8q4g/,8259 Hedgewood Dr,"8259 Hedgewood Dr, Jacksonville, FL 32216"
https://www.apartments.com/7012-beauhaven-ct-jacksonville-fl/7wbjfqx/,7012 Beauhaven Ct,"7012 Beauhaven Ct, Jacksonville, FL 32258"
https://www.apartments.com/3512-plum-st-jacksonville-fl/ze11pwx/,3512 Plum St,"3512 Plum St, Jacksonville, FL 32205"
https://www.apartments.com/1045-old-hickory-rd-jacksonville-fl/6x2s7sv/,1045 Old Hickory Rd,"1045 Old Hickory Rd, Jacksonville, FL 32207"
https://www.apartments.com/9125-udell-ln-jacksonville-fl/1rvsmw4/,9125 Udell Ln,"9125 Udell Ln, Jacksonville, FL 32222"
https://www.apartments.com/2012-wiley-oaks-ln-jacksonville-fl/s6yjwb6/,2012 Wiley Oaks Ln,"2012 Wiley Oaks Ln, Jacksonville, FL 32210"
https://www.apartments.com/10541-rocky-garden-ln-jacksonville-fl/k4m06v9/,10541 Rocky Garden Ln,"10541 Rocky Garden Ln, Jacksonville, FL 32257"
https://www.apartments.com/3440-provincial-cir-e-jacksonville-fl/k3gbglc/,3440 Provincial Cir E,"3440 Provincial Cir E, Jacksonville, FL 32277"
https://www.apartments.com/12292-hickory-forest-rd-jacksonville-fl/fggdkyt/,12292 Hickory Forest Rd,"12292 Hickory Forest Rd, Jacksonville, FL 32226"
https://www.apartments.com/7701-timberlin-park-blvd-jacksonville-fl-unit-1524/5l525pp/,7701 Timberlin Park Blvd Unit #1524,"7701 Timberlin Park Blvd Unit #1524, Jacksonville, FL 32256"
https://www.apartments.com/2012-chaucer-ln-ponte-vedra-beach-fl/1y12td4/,2012 Chaucer Ln,"2012 Chaucer Ln, Ponte Vedra Beach, FL 32081"
https://www.apartments.com/palms-at-ortega-jacksonville-fl/08qkg72/,Palms at Ortega,
https://www.apartments.com/wynnfield-lakes-jacksonville-fl/jypxv14/,Wynnfield Lakes,
https://www.apartments.com/windsor-arms-apartments-jacksonville-fl/nj926gm/,Windsor Arms Apartments,
https://www.apartments.com/playa-way-apartments-jacksonville-fl/l5sw4tf/,Playa Way Apartments,
https://www.apartments.com/breakwater-studios-jacksonville-fl/gb52esy/,Breakwater Studios,
https://www.apartments.com/canyon-square-jacksonville-fl/xjrv9yp/,Canyon Square,
https://www.apartments.com/shadow-bay-jacksonville-fl/m4hx5ek/,Shadow Bay,
https://www.apartments.com/baywood-apartments-jacksonville-fl/qz45ppx/,Baywood Apartments,
https://www.apartments.com/lofts-at-monroe-jacksonville-fl/dq4dlyj/,Lofts at Monroe,
https://www.apartments.com/riviera-park-jacksonville-fl/stmbz34/,Riviera Park,
https://www.apartments.com/herschel-street-apartments-jacksonville-fl/q5sh4gz/,Herschel Street Apartments,
https://www.apartments.com/tree-hill-apartments-townhomes-jacksonville-fl/zftnkxw/,Tree Hill Apartments & Townhomes,
https://www.apartments.com/riverside-park-apartments-jacksonville-fl/2h11yc8/,Riverside Park Apartments,
https://www.apartments.com/frassati-hall-student-living-jacksonville-fl/684fdsv/,Frassati Hall-STUDENT Living,
https://www.apartments.com/campus-towers-apartments-jacksonville-fl/6bds4kr/,Campus Towers Apartments,
https://www.apartments.com/metropolitan-lofts-jacksonville-fl/b818ytc/,Metropolitan Lofts,
https://www.apartments.com/view-on-the-river-jacksonville-fl/bnngehc/,View on the River,
https://www.apartments.com/the-towers-of-jacksonville-affordable-senior-jacksonville-fl/yc7h57s/,The Towers of Jacksonville Affordable Senior,
https://www.apartments.com/volare-jacksonville-fl/9s61ey5/,Volare,
https://www.apartments.com/palomas-apartments-jacksonville-fl/067j3d1/,Paloma's Apartments,
https://www.apartments.com/lofts-at-lavilla-jacksonville-fl/1qmnp47/,Lofts at LaVilla,
https://www.apartments.com/garden-jax-jacksonville-fl/5gvwesm/,Garden Jax,
https://www.apartments.com/mount-carmel-gardens-a-62-community-jacksonville-fl/xq4e2en/,Mount Carmel Gardens- A 62+ Community,
https://www.apartments.com/houston-street-manor-jacksonville-fl/eb8hz5n/,Houston Street Manor,
https://www.apartments.com/the-villas-apartments-jacksonville-beach-fl/v624yyf/,The Villas Apartments,
https://www.apartments.com/orchid-trace-atlantic-beach-fl/nhj6yfp/,Orchid Trace,
https://www.apartments.com/1032-busac-ave-jacksonville-fl/elclycq/,,"1032 Busac Ave, Jacksonville, FL 32205"
https://www.apartments.com/3991-whippoorwill-holler-ln-jacksonville-fl/66fkgnv/,,"3991 Whippoorwill Holler Ln, Jacksonville, FL 32217"
https://www.apartments.com/7396-prosperity-park-rd-n-jacksonville-fl/7gmv1jw/,,"7396 Prosperity Park Rd N, Jacksonville, FL 32244"
https://www.apartments.com/6873-biddy-ln-jacksonville-fl/qrq0jxx/,,"6873 Biddy Ln, Jacksonville, FL 32210"
https://www.apartments.com/2918-corkwood-rd-jacksonville-fl/t79qyp9/,,"2918 Corkwood Rd, Jacksonville, FL 32277"
https://www.apartments.com/3254-riva-ridge-ct-jacksonville-fl/0e6l750/,,"3254 Riva Ridge Ct, Jacksonville, FL 32218"
https://www.apartments.com/863-s-lilac-loop-jacksonville-fl/z97xk8y/,,"863 S Lilac Loop, Jacksonville, FL 32259"
https://www.apartments.com/4670-glendas-meadow-dr-jacksonville-fl/0zzrdp2/,,"4670 Glendas Meadow Dr, Jacksonville, FL 32210"
https://www.apartments.com/671-mandy-oaks-dr-jacksonville-fl/zq9w0nz/,,"671 Mandy Oaks Dr, Jacksonville, FL 32220"
https://www.apartments.com/3811-star-leaf-road-jacksonville-fl/jdy8me7/,,"3811 Star Leaf Road, Jacksonville, FL 32210"
https://www.apartments.com/9237-hawks-run-ln-jacksonville-fl/z02k0kw/,,"9237 Hawks Run Ln, Jacksonville, FL 32222"
https://www.apartments.com/1271-mull-st-jacksonville-fl/3j5f13d/,,"1271 Mull St, Jacksonville, FL 32205"
https://www.apartments.com/11605-dunes-way-dr-n-jacksonville-fl/m003rlk/,,"11605 Dunes Way Dr N, Jacksonville, FL 32225"
https://www.apartments.com/11309-john-rutledge-pl-jacksonville-fl/f6gfw0v/,,"11309 John Rutledge Pl, Jacksonville, FL 32221"
https://www.apartments.com/13741-hillandale-dr-jacksonville-fl/h3tb092/,,"13741 Hillandale Dr, Jacksonville, FL 32225"
https://www.apartments.com/2811-hidden-haven-rd-jacksonville-fl/bzwty98/,,"2811 Hidden Haven Rd, Jacksonville, FL 32218"
https://www.apartments.com/5859-dunmire-ave-jacksonville-fl/lldsk5e/,,"5859 Dunmire Ave, Jacksonville, FL 32219"
https://www.apartments.com/7736-hammond-blvd-jacksonville-fl/tytbzx8/,,"7736 Hammond Blvd, Jacksonville, FL 32220"
https://www.apartments.com/8030-waxwing-ave-jacksonville-fl/fcdytbv/,,"8030 Waxwing Ave, Jacksonville, FL 32219"
https://www.apartments.com/11537-sycamore-cv-ln-jacksonville-fl/2935xk8/,,"11537 Sycamore Cv Ln, Jacksonville, FL 32218"
https://www.apartments.com/1325-ellis-trace-dr-w-jacksonville-fl/n9963ep/,,"1325 Ellis Trace Dr W, Jacksonville, FL 32205"
https://www.apartments.com/1120-cedar-st-jacksonville-fl-unit-a/z6mdm2w/,,"1120 Cedar St Unit A, Jacksonville, FL 32207"
https://www.apartments.com/3853-ringneck-dr-jacksonville-fl/swzwep5/,,"3853 Ringneck Dr, Jacksonville, FL 32226"
https://www.apartments.com/1334-charter-ct-jacksonville-fl/29xysfc/,,"1334 Charter Ct, Jacksonville, FL 32225"
https://www.apartments.com/8108-summer-palm-ct-jacksonville-fl/bnlh1q9/,,"8108 Summer Palm Ct, Jacksonville, FL 32256"
https://www.apartments.com/1463-knudson-dr-jacksonville-fl/vp43h1g/,,"1463 Knudson Dr, Jacksonville, FL 32221"
https://www.apartments.com/5324-downington-dr-jacksonville-fl/ys8dlct/,,"5324 Downington Dr, Jacksonville, FL 32257"
https://www.apartments.com/13305-shore-grass-dr-jacksonville-fl/dd72weh/,,"13305 Shore Grass Dr, Jacksonville, FL 32218"
https://www.apartments.com/3263-thomas-st-jacksonville-fl/t2gp0pc/,,"3263 Thomas St, Jacksonville, FL 32254"
https://www.apartments.com/10715-clydesdale-dr-w-jacksonville-fl/2mvtlkb/,,"10715 Clydesdale Dr W, Jacksonville, FL 32257"
https://www.apartments.com/8069-lexington-dr-jacksonville-fl/7hr15py/,,"8069 Lexington Dr, Jacksonville, FL 32208"
https://www.apartments.com/9760-lovage-ln-jacksonville-fl/lppk70g/,,"9760 Lovage Ln, Jacksonville, FL 32219"
https://www.apartments.com/1219-coastal-mdw-trl-jacksonville-fl/2yqsgb9/,,"1219 Coastal Mdw Trl, Jacksonville, FL 32218"
https://www.apartments.com/7567-chervil-st-jacksonville-fl/kyn9g69/,,"7567 Chervil St, Jacksonville, FL 32219"
https://www.apartments.com/9370-arbor-glen-ln-jacksonville-fl/qf8gyzw/,,"9370 Arbor Glen Ln, Jacksonville, FL 32208"
https://www.apartments.com/13655-coman-rd-jacksonville-fl/56bxfkm/,,"13655 Coman Rd, Jacksonville, FL 32218"
https://www.apartments.com/3943-san-pablo-rd-s-jacksonville-fl/xysywsq/,,"3943 San Pablo Rd S, Jacksonville, FL 32224"
https://www.apartments.com/1572-oak-ridge-dr-w-jacksonville-fl/vljb3te/,,"1572 Oak Ridge Dr W, Jacksonville, FL 32225"
https://www.apartments.com/5054-knightsbridge-cir-n-jacksonville-fl/jz00qx6/,,"5054 Knightsbridge Cir N, Jacksonville, FL 32244"
https://www.apartments.com/10867-krugerrand-ln-jacksonville-fl/t3rhy99/,,"10867 Krugerrand Ln, Jacksonville, FL 32218"
https://www.apartments.com/6584-beryl-st-jacksonville-fl/sn9b8c7/,,"6584 Beryl St, Jacksonville, FL 32219"
https://www.apartments.com/1085-porter-st-jacksonville-fl/p0zznjt/,,"1085 Porter St, Jacksonville, FL 32204"
https://www.apartments.com/4979-tan-st-jacksonville-fl/49se44k/,,"4979 Tan St, Jacksonville, FL 32258"
https://www.apartments.com/758-henley-ct-jacksonville-fl/7njl7mw/,,"758 Henley Ct, Jacksonville, FL 32218"
https://www.apartments.com/15745-rachel-creek-dr-jacksonville-fl/nb0fnfm/,,"15745 Rachel Creek Dr, Jacksonville, FL 32218"
https://www.apartments.com/7872-georgia-jack-dr-n-jacksonville-fl/q1dd67x/,,"7872 Georgia Jack Dr N, Jacksonville, FL 32244"
https://www.apartments.com/14297-fish-eagle-dr-e-jacksonville-fl/fdrgclr/,,"14297 Fish Eagle Dr E, Jacksonville, FL 32226"
https://www.apartments.com/1188-wild-azalea-dr-jacksonville-fl/ygll5xs/,,"1188 Wild Azalea Dr, Jacksonville, FL 32221"
https://www.apartments.com/3600-lenin-peak-ct-jacksonville-fl-unit-5/02e7vy2/,,"3600 Lenin Peak Ct Unit 5, Jacksonville, FL 32210"
https://www.apartments.com/4726-herta-rd-jacksonville-fl/ddfy4yl/,,"4726 Herta Rd, Jacksonville, FL 32210"
https://www.apartments.com/1580-w-19th-st-jacksonville-fl-unit-2/shzj8q6/,,"1580 W 19th St Unit 2, Jacksonville, FL 32209"
https://www.apartments.com/1991-w-4th-st-jacksonville-fl/sq3jgz4/,,"1991 W 4th St, Jacksonville, FL 32209"
https://www.apartments.com/8428-thornbush-ct-jacksonville-fl/y0wdhlr/,,"8428 Thornbush Ct, Jacksonville, FL 32216"
https://www.apartments.com/1203-grant-st-jacksonville-fl/0y7k6c2/,,"1203 Grant St, Jacksonville, FL 32202"
https://www.apartments.com/10320-mayan-dr-jacksonville-fl/rpsj781/,,"10320 Mayan Dr, Jacksonville, FL 32218"
https://www.apartments.com/5811-atlantic-blvd-jacksonville-fl-unit-73/xs2x0dq/,,"5811 Atlantic Blvd Unit 73, Jacksonville, FL 32207"
https://www.apartments.com/2550-w-30th-st-jacksonville-fl/ee4n89n/,,"2550 W 30th St, Jacksonville, FL 32209"
https://www.apartments.com/15698-stedman-lake-dr-jacksonville-fl/6cy4prs/,,"15698 Stedman Lake Dr, Jacksonville, FL 32218"
https://www.apartments.com/631-blodgetts-ln-jacksonville-fl/769zv6w/,,"631 Blodgetts Ln, Jacksonville, FL 32206"
https://www.apartments.com/6835-majorca-ct-jacksonville-fl/3bhl9pg/,,"6835 Majorca Ct, Jacksonville, FL 32222"
https://www.apartments.com/2675-lantana-lakes-dr-e-jacksonville-fl/0v8fjp0/,,"2675 Lantana Lakes Dr E, Jacksonville, FL 32246"
https://www.apartments.com/11093-mandarin-station-dr-e-jacksonville-fl/30gkk8e/,,"11093 Mandarin Station Dr E, Jacksonville, FL 32257"
https://www.apartments.com/15037-bulow-creek-dr-jacksonville-fl/g7g1jyw/,,"15037 Bulow Creek Dr, Jacksonville, FL 32258"
https://www.apartments.com/5204-armsgate-ct-jacksonville-fl/c79ewhd/,,"5204 Armsgate Ct, Jacksonville, FL 32218"
https://www.apartments.com/8246-rigel-rd-jacksonville-fl/tbw6j29/,,"8246 Rigel Rd, Jacksonville, FL 32216"
https://www.apartments.com/12200-sapp-rd-jacksonville-fl/y49mbbv/,,"12200 Sapp Rd, Jacksonville, FL 32226"
https://www.apartments.com/8102-buttercup-st-jacksonville-fl/k8d2z69/,,"8102 Buttercup St, Jacksonville, FL 32210"
https://www.apartments.com/2123-moncrief-rd-jacksonville-fl/xypq1mn/,,"2123 Moncrief Rd, Jacksonville, FL 32209"
https://www.apartments.com/8570-susie-st-jacksonville-fl/6xtptjt/,,"8570 Susie St, Jacksonville, FL 32210"
https://www.apartments.com/8424-vining-st-jacksonville-fl/yxsftvt/,,"8424 Vining St, Jacksonville, FL 32210"
https://www.apartments.com/11097-apple-blossom-trl-e-jacksonville-fl/01qb321/,,"11097 Apple Blossom Trl E, Jacksonville, FL 32218"
https://www.apartments.com/10235-meadow-pointe-dr-jacksonville-fl/492swbk/,,"10235 Meadow Pointe Dr, Jacksonville, FL 32221"
https://www.apartments.com/10120-lancashire-dr-jacksonville-fl/hp65d33/,,"10120 Lancashire Dr, Jacksonville, FL 32219"
https://www.apartments.com/2486-glassy-water-ln-jacksonville-fl/edf26wm/,,"2486 Glassy Water Ln, Jacksonville, FL 32246"
https://www.apartments.com/9826-chirping-way-jacksonville-fl/4x6h7ll/,,"9826 Chirping Way, Jacksonville, FL 32222"
https://www.apartments.com/6653-southern-oaks-dr-jacksonville-fl/cnzx86d/,,"6653 Southern Oaks Dr, Jacksonville, FL 32244"
https://www.apartments.com/9551-watershed-dr-e-jacksonville-fl/d6h0lbl/,,"9551 Watershed Dr E, Jacksonville, FL 32220"
https://www.apartments.com/6102-sage-willow-way-jacksonville-fl/qdtp1qw/,,"6102 Sage Willow Way, Jacksonville, FL 32244"
https://www.apartments.com/5657-village-pond-cir-jacksonville-fl/1p7h4j7/,,"5657 Village Pond Cir, Jacksonville, FL 32222"
https://www.apartments.com/11345-landing-estates-dr-jacksonville-fl/mk0cy8k/,,"11345 Landing Estates Dr, Jacksonville, FL 32257"
https://www.apartments.com/7992-seahaven-ct-jacksonville-fl/2yng2y9/,,"7992 Seahaven Ct, Jacksonville, FL 32244"
https://www.apartments.com/3488-ayrshire-st-jacksonville-fl/80m71d1/,,"3488 Ayrshire St, Jacksonville, FL 32226"
https://www.apartments.com/12366-deersong-dr-n-jacksonville-fl/xpvefhp/,,"12366 Deersong Dr N, Jacksonville, FL 32218"
https://www.apartments.com/7491-volley-dr-n-jacksonville-fl/s30d5h7/,,"7491 Volley Dr N, Jacksonville, FL 32277"
https://www.apartments.com/2334-eisner-dr-jacksonville-fl/3myj8ce/,,"2334 Eisner Dr, Jacksonville, FL 32218"
https://www.apartments.com/1943-wages-way-s-jacksonville-fl/xstf0mm/,,"1943 Wages Way S, Jacksonville, FL 32218"
https://www.apartments.com/6718-morse-glen-ln-jacksonville-fl/0525yw2/,,"6718 Morse Glen Ln, Jacksonville, FL 32244"
https://www.apartments.com/3028-bright-eagle-dr-jacksonville-fl/4rwq4wh/,,"3028 Bright Eagle Dr, Jacksonville, FL 32226"
https://www.apartments.com/11673-brian-lakes-dr-jacksonville-fl/p4pps0r/,,"11673 Brian Lakes Dr, Jacksonville, FL 32221"
https://www.apartments.com/8074-shadwell-ct-jacksonville-fl/sgrxfq6/,,"8074 Shadwell Ct, Jacksonville, FL 32244"
https://www.apartments.com/2402-brian-lakes-dr-e-jacksonville-fl/2vkz688/,,"2402 Brian Lakes Dr E, Jacksonville, FL 32221"
https://www.apartments.com/3676-lydia-terrace-jacksonville-fl/q9vxn7z/,,"3676 Lydia Terrace, Jacksonville, FL 32218"
https://www.apartments.com/13234-companion-cir-s-jacksonville-fl/f0fjb0s/,,"13234 Companion Cir S, Jacksonville, FL 32224"
https://www.apartments.com/8169-glasgow-ct-jacksonville-fl/w7b97jh/,,"8169 Glasgow Ct, Jacksonville, FL 32244"
https://www.apartments.com/12762-megan-jean-ct-jacksonville-fl/zm3tm9w/,,"12762 Megan Jean Ct, Jacksonville, FL 32218"
https://www.apartments.com/7468-carriage-side-ct-jacksonville-fl/4fxnpgl/,,"7468 Carriage Side Ct, Jacksonville, FL 32256"
https://www.apartments.com/11374-brian-lakes-dr-jacksonville-fl/ftsj20t/,,"11374 Brian Lakes Dr, Jacksonville, FL 32221"
https://www.apartments.com/549-chancellor-dr-e-jacksonville-fl/hdnetp3/,,"549 Chancellor Dr E, Jacksonville, FL 32225"
https://www.apartments.com/7388-steventon-way-jacksonville-fl/rj703s0/,,"7388 Steventon Way, Jacksonville, FL 32244"
https://www.apartments.com/8220-abbeyfield-dr-jacksonville-fl/ftlfn0v/,,"8220 Abbeyfield Dr, Jacksonville, FL 32277"
https://www.apartments.com/1008-durbin-parke-dr-jacksonville-fl/k58l1lc/,,"1008 Durbin Parke Dr, Jacksonville, FL 32259"
https://www.apartments.com/1925-mcgirts-point-blvd-jacksonville-fl/bygcpl9/,,"1925 McGirts Point Blvd, Jacksonville, FL 32221"
https://www.apartments.com/13619-las-brisas-way-jacksonville-fl/4bl1mek/,,"13619 Las Brisas Way, Jacksonville, FL 32224"
https://www.apartments.com/8511-highfield-ave-jacksonville-fl/xpelb2q/,,"8511 Highfield Ave, Jacksonville, FL 32216"
https://www.apartments.com/6381-louis-clark-ct-jacksonville-fl/qrn2cty/,,"6381 Louis Clark Ct, Jacksonville, FL 32222"
https://www.apartments.com/481-portobello-dr-jacksonville-fl/n8dy4km/,,"481 Portobello Dr, Jacksonville, FL 32221"
https://www.apartments.com/4393-queensway-dr-jacksonville-fl/mbgw4wh/,,"4393 Queensway Dr, Jacksonville, FL 32257"
https://www.apartments.com/7607-fawn-lake-dr-n-jacksonville-fl/n072m2p/,,"7607 Fawn Lake Dr N, Jacksonville, FL 32256"
https://www.apartments.com/918-plumbridge-ct-jacksonville-fl/1tds5z5/,,"918 Plumbridge Ct, Jacksonville, FL 32218"
https://www.apartments.com/4394-hanover-park-dr-jacksonville-fl/knf3b38/,,"4394 Hanover Park Dr, Jacksonville, FL 32224"
https://www.apartments.com/4220-penneykamp-rd-jacksonville-fl/gn53fry/,,"4220 Penneykamp Rd, Jacksonville, FL 32218"
https://www.apartments.com/1316-shootingstar-ln-jacksonville-fl/brwwgt8/,,"1316 Shootingstar Ln, Jacksonville, FL 32259"
https://www.apartments.com/9075-rockpond-meadows-dr-jacksonville-fl/nq9tsdq/,,"9075 Rockpond Meadows Dr, Jacksonville, FL 32221"
https://www.apartments.com/5325-lacy-jane-way-jacksonville-fl/pz1zm7t/,,"5325 Lacy Jane Way, Jacksonville, FL 32244"
https://www.apartments.com/8632-highfield-ave-jacksonville-fl/g9p5x7y/,,"8632 Highfield Ave, Jacksonville, FL 32216"
https://www.apartments.com/7758-pepper-cir-w-jacksonville-fl/5cbv62n/,,"7758 Pepper Cir W, Jacksonville, FL 32244"
https://www.apartments.com/9249-prosperity-lake-dr-jacksonville-fl/qshdsrz/,,"9249 Prosperity Lake Dr, Jacksonville, FL 32244"
https://www.apartments.com/3670-jacob-lois-dr-jacksonville-fl/s8wyg96/,,"3670 Jacob Lois Dr, Jacksonville, FL 32218"
https://www.apartments.com/10818-carrington-ct-jacksonville-fl/2pp56k9/,,"10818 Carrington Ct, Jacksonville, FL 32257"
https://www.apartments.com/8673-highfield-ave-jacksonville-fl/gwshpyw/,,"8673 Highfield Ave, Jacksonville, FL 32216"
https://www.apartments.com/6558-silk-leaf-ln-jacksonville-fl/qbzqy7y/,,"6558 Silk Leaf Ln, Jacksonville, FL 32244"
https://www.apartments.com/2273-brian-lakes-dr-e-jacksonville-fl/14cesr5/,,"2273 Brian Lakes Dr E, Jacksonville, FL 32221"
https://www.apartments.com/3327-ayrshire-st-jacksonville-fl/f08d4ss/,,"3327 Ayrshire St, Jacksonville, FL 32226"
https://www.apartments.com/11666-brian-lakes-dr-n-jacksonville-fl/e0rp12p/,,"11666 Brian Lakes Dr N, Jacksonville, FL 32221"
https://www.apartments.com/9082-sable-ridge-ct-jacksonville-fl/dw644nl/,,"9082 Sable Ridge Ct, Jacksonville, FL 32244"
https://www.apartments.com/12119-jade-point-ct-jacksonville-fl/nev1w5n/,,"12119 Jade Point Ct, Jacksonville, FL 32218"
https://www.apartments.com/12151-silver-saddle-dr-jacksonville-fl/kl6yv6c/,,"12151 Silver Saddle Dr, Jacksonville, FL 32258"
https://www.apartments.com/2965-captiva-bluff-ct-jacksonville-fl/0gnlb82/,,"2965 Captiva Bluff Ct, Jacksonville, FL 32226"
https://www.apartments.com/8468-rockridge-dr-jacksonville-fl/557k7fm/,,"8468 Rockridge Dr, Jacksonville, FL 32244"
https://www.apartments.com/11387-oaklawn-rd-jacksonville-fl/hqll3z1/,,"11387 Oaklawn Rd, Jacksonville, FL 32218"
https://www.apartments.com/7242-rampart-ridge-cir-w-jacksonville-fl/tpf810b/,,"7242 Rampart Ridge Cir W, Jacksonville, FL 32244"
https://www.apartments.com/12803-quincy-bay-dr-jacksonville-fl/bv7xe69/,,"12803 Quincy Bay Dr, Jacksonville, FL 32224"
https://www.apartments.com/11289-finchley-ln-jacksonville-fl/0fyvbg1/,,"11289 Finchley Ln, Jacksonville, FL 32223"
https://www.apartments.com/15772-pinyon-ln-jacksonville-fl/6r3d9cv/,,"15772 Pinyon Ln, Jacksonville, FL 32218"
https://www.apartments.com/4685-great-western-ln-s-jacksonville-fl/yvdmb9t/,,"4685 Great Western Ln S, Jacksonville, FL 32257"
https://www.apartments.com/11027-crumpet-ct-jacksonville-fl/c4kcz5d/,,"11027 Crumpet Ct, Jacksonville, FL 32257"
https://www.apartments.com/5162-saddlehorn-dr-s-jacksonville-fl/393jxve/,,"5162 Saddlehorn Dr S, Jacksonville, FL 32257"
https://www.apartments.com/8353-fire-fly-ln-jacksonville-fl/lmvs1ld/,,"8353 Fire Fly Ln, Jacksonville, FL 32244"
https://www.apartments.com/10596-rusty-pines-dr-jacksonville-fl/97wp4g5/,,"10596 Rusty Pines Dr, Jacksonville, FL 32222"
https://www.apartments.com/7338-cumbria-blvd-jacksonville-fl/ry1twc3/,,"7338 Cumbria Blvd, Jacksonville, FL 32219"
https://www.apartments.com/6273-alfredo-dr-w-jacksonville-fl/trvpr59/,,"6273 Alfredo Dr W, Jacksonville, FL 32244"
https://www.apartments.com/3601-caroline-vale-blvd-jacksonville-fl/twj03l8/,,"3601 Caroline Vale Blvd, Jacksonville, FL 32277"
https://www.apartments.com/14749-bulow-creek-dr-jacksonville-fl/v1s86xf/,,"14749 Bulow Creek Dr, Jacksonville, FL 32258"
https://www.apartments.com/9262-redtail-dr-jacksonville-fl/e6ny6yn/,,"9262 Redtail Dr, Jacksonville, FL 32222"
https://www.apartments.com/11203-bentley-trace-ln-e-jacksonville-fl/kk5vth8/,,"11203 Bentley Trace Ln E, Jacksonville, FL 32257"
https://www.apartments.com/4560-arch-creek-dr-s-jacksonville-fl/1z93yj6/,,"4560 Arch Creek Dr S, Jacksonville, FL 32257"
https://www.apartments.com/4643-ramona-blvd-jacksonville-fl/4hfhq9k/,,"4643 Ramona Blvd, Jacksonville, FL 32205"
https://www.apartments.com/8035-naranja-dr-w-jacksonville-fl/dqlrh7h/,,"8035 Naranja Dr W, Jacksonville, FL 32217"
https://www.apartments.com/9236-caracara-drive-jacksonville-fl/yh77gwv/,,"9236 Caracara Drive, Jacksonville, FL 32210"
https://www.apartments.com/6501-winding-greens-dr-jacksonville-fl/ydekk9v/,,"6501 Winding Greens Dr, Jacksonville, FL 32244"
https://www.apartments.com/113-e-45th-st-jacksonville-fl/t8k9llb/,,"113 E 45th St, Jacksonville, FL 32208"
https://www.apartments.com/9127-shindler-crossing-dr-jacksonville-fl/gdcwgcz/,,"9127 Shindler Crossing Dr, Jacksonville, FL 32222"
https://www.apartments.com/350-w-62nd-st-jacksonville-fl/n6h0l8n/,,"350 W 62nd St, Jacksonville, FL 32208"
https://www.apartments.com/12518-westberry-manor-dr-jacksonville-fl/csd8gfg/,,"12518 Westberry Manor Dr, Jacksonville, FL 32223"
https://www.apartments.com/3048-blue-heron-dr-n-jacksonville-fl/pdydcdv/,,"3048 Blue Heron Dr N, Jacksonville, FL 32223"
https://www.apartments.com/1421-ottawa-ave-jacksonville-fl/r7vjbk1/,,"1421 Ottawa Ave, Jacksonville, FL 32210"
https://www.apartments.com/3641-manor-oaks-dr-jacksonville-fl/9pf1j14/,,"3641 Manor Oaks Dr, Jacksonville, FL 32277"
https://www.apartments.com/8451-allwine-ct-jacksonville-fl/h5x46t2/,,"8451 Allwine Ct, Jacksonville, FL 32244"
https://www.apartments.com/4344-lake-woodbourne-dr-jacksonville-fl/3hb4nde/,,"4344 Lake Woodbourne Dr, Jacksonville, FL 32217"
https://www.apartments.com/5290-big-island-drive-jacksonville-fl-unit-001-1203268252/587xlgm/,,"5290 Big Island Drive Unit 001-1203.268252, Jacksonville, FL 32246"
https://www.apartments.com/1078-st-clair-st-jacksonville-fl/9g3hvj5/,,"1078 St Clair St, Jacksonville, FL 32254"
https://www.apartments.com/7257-maple-tree-dr-jacksonville-fl/j6hcvr6/,,"7257 Maple Tree Dr, Jacksonville, FL 32277"
https://www.apartments.com/3609-marsh-reserve-blvd-jacksonville-fl/60jndjs/,,"3609 Marsh Reserve Blvd, Jacksonville, FL 32224"
https://www.apartments.com/7557-invermere-blvd-n-jacksonville-fl/r54n210/,,"7557 Invermere Blvd N, Jacksonville, FL 32244"
https://www.apartments.com/5204-attleboro-st-jacksonville-fl/j5zqll5/,,"5204 Attleboro St, Jacksonville, FL 32205"
https://www.apartments.com/11626-kings-ridge-ct-n-jacksonville-fl/znjprgw/,,"11626 Kings Ridge Ct N, Jacksonville, FL 32218"
https://www.apartments.com/13050-gran-bay-pkwy-jacksonville-fl-unit-0343508311/4ybpt4h/,,"13050 Gran Bay Pkwy Unit 0343.508311, Jacksonville, FL 32258"
https://www.apartments.com/6544-aires-rd-jacksonville-fl/w34cskl/,,"6544 Aires Rd, Jacksonville, FL 32244"
https://www.apartments.com/2108-w-15th-st-jacksonville-fl/dy7j3ch/,,"2108 W 15th St, Jacksonville, FL 32209"
https://www.apartments.com/5528-vernon-rd-jacksonville-fl/fcklgvt/,,"5528 Vernon Rd, Jacksonville, FL 32209"
https://www.apartments.com/9325-aplomado-circle-jacksonville-fl/svn4jz4/,,"9325 Aplomado Circle, Jacksonville, FL 32210"
https://www.apartments.com/8317-oak-crossing-dr-w-jacksonville-fl/yte9l3r/,,"8317 Oak Crossing Dr W, Jacksonville, FL 32244"
https://www.apartments.com/8550-touchton-rd-jacksonville-fl-unit-922/hp0q4m3/,,"8550 Touchton Rd Unit 922, Jacksonville, FL 32216"
https://www.apartments.com/9245-danville-ave-jacksonville-fl/ktmmlxb/,,"9245 Danville Ave, Jacksonville, FL 32208"
https://www.apartments.com/11513-world-woods-ct-jacksonville-fl/h2g34j0/,,"11513 World Woods Ct, Jacksonville, FL 32221"
https://www.apartments.com/472-blue-whale-way-jacksonville-fl/9gfxeh6/,,"472 Blue Whale Way, Jacksonville, FL 32218"
https://www.apartments.com/222-melissa-ray-dr-jacksonville-fl/7vhkjwy/,,"222 Melissa Ray Dr, Jacksonville, FL 32225"
https://www.apartments.com/5934-camaro-dr-w-jacksonville-fl/170m5y5/,,"5934 Camaro Dr W, Jacksonville, FL 32244"
https://www.apartments.com/1319-sarahs-landing-dr-jacksonville-fl/0bnp0y2/,,"1319 Sarahs Landing Dr, Jacksonville, FL 32221"
https://www.apartments.com/511-w-46th-st-jacksonville-fl/k7d6ln9/,,"511 W 46th St, Jacksonville, FL 32208"
https://www.apartments.com/9434-warhawk-rd-jacksonville-fl/z8detby/,,"9434 Warhawk Rd, Jacksonville, FL 32221"
https://www.apartments.com/465-w-65th-st-jacksonville-fl/dpwqcgh/,,"465 W 65th St, Jacksonville, FL 32208"
https://www.apartments.com/4418-capital-dome-dr-jacksonville-fl/0ef6gx3/,,"4418 Capital Dome Dr, Jacksonville, FL 32246"
https://www.apartments.com/5430-marcia-cir-jacksonville-fl/ykbkz5v/,,"5430 Marcia Cir, Jacksonville, FL 32210"
https://www.apartments.com/1606-creek-point-blvd-jacksonville-fl/r29twy0/,,"1606 Creek Point Blvd, Jacksonville, FL 32218"
https://www.apartments.com/12807-moose-rd-jacksonville-fl/kgn89lc/,,"12807 Moose Rd, Jacksonville, FL 32226"
https://www.apartments.com/5872-liska-dr-jacksonville-fl/yjemm4s/,,"5872 Liska Dr, Jacksonville, FL 32244"
https://www.apartments.com/4316-hanover-park-dr-jacksonville-fl/yc49fqt/,,"4316 Hanover Park Dr, Jacksonville, FL 32224"
https://www.apartments.com/1596-golf-forest-dr-jacksonville-fl/kbj0zcc/,,"1596 Golf Forest Dr, Jacksonville, FL 32208"
https://www.apartments.com/735-linda-dr-jacksonville-fl/1fx4dt5/,,"735 Linda Dr, Jacksonville, FL 32208"
https://www.apartments.com/13960-denton-rd-jacksonville-fl/5xp6t7q/,,"13960 Denton Rd, Jacksonville, FL 32226"
https://www.apartments.com/2434-quail-ave-jacksonville-fl/54wf8xp/,,"2434 Quail Ave, Jacksonville, FL 32218"
https://www.apartments.com/5888-bartram-village-dr-jacksonville-fl/r52wrz3/,,"5888 Bartram Village Dr, Jacksonville, FL 32258"
https://www.apartments.com/2227-mc-carty-dr-jacksonville-fl/vmnd7ce/,,"2227 Mc Carty Dr, Jacksonville, FL 32210"
https://www.apartments.com/547-w-28th-st-jacksonville-fl/5z24z1m/,,"547 W 28th St, Jacksonville, FL 32206"
https://www.apartments.com/7982-mactavish-way-n-jacksonville-fl/gzvvecz/,,"7982 Mactavish Way N, Jacksonville, FL 32244"
https://www.apartments.com/8475-charlesgate-cir-e-jacksonville-fl/7hrty3w/,,"8475 Charlesgate Cir E, Jacksonville, FL 32244"
https://www.apartments.com/2338-oak-st-jacksonville-fl-unit-4/v9x0gpd/,,"2338 Oak St Unit 4, Jacksonville, FL 32204"
https://www.apartments.com/4815-andromeda-rd-jacksonville-fl/t1cj368/,,"4815 Andromeda Rd, Jacksonville, FL 32210"
https://www.apartments.com/11297-silver-key-dr-jacksonville-fl/m533ejk/,,"11297 Silver Key Dr, Jacksonville, FL 32218"
https://www.apartments.com/4560-melissa-ct-w-jacksonville-fl/lfcm7pf/,,"4560 Melissa Ct W, Jacksonville, FL 32210"
https://www.apartments.com/2533-post-st-jacksonville-fl/p9187qs/,,"2533 Post St, Jacksonville, FL 32204"
https://www.apartments.com/4158-lockhart-dr-jacksonville-fl/29qenr9/,,"4158 Lockhart Dr, Jacksonville, FL 32209"
https://www.apartments.com/1374-agnes-st-jacksonville-fl/ffxgntt/,,"1374 Agnes St, Jacksonville, FL 32208"
https://www.apartments.com/9828-nelson-forks-dr-jacksonville-fl/3qpyqvd/,,"9828 Nelson Forks Dr, Jacksonville, FL 32222"
https://www.apartments.com/4138-clearbrook-cove-rd-jacksonville-fl/50msvhn/,,"4138 Clearbrook Cove Rd, Jacksonville, FL 32218"
https://www.apartments.com/141-dragonfly-dr-jacksonville-fl/l2q7zxd/,,"141 Dragonfly Dr, Jacksonville, FL 32259"
https://www.apartments.com/11139-caroline-crest-dr-jacksonville-fl/mkmt7sk/,,"11139 Caroline Crest Dr, Jacksonville, FL 32225"
https://www.apartments.com/8236-hot-springs-dr-n-jacksonville-fl/8eltq81/,,"8236 Hot Springs Dr N, Jacksonville, FL 32244"
https://www.apartments.com/911-riviera-st-jacksonville-fl/0frm6y1/,,"911 Riviera St, Jacksonville, FL 32207"
https://www.apartments.com/8738-falcon-trace-dr-n-jacksonville-fl/z8bf6sy/,,"8738 Falcon Trace Dr N, Jacksonville, FL 32222"
https://www.apartments.com/1454-royal-dornoch-drive-jacksonville-fl/b9vvy19/,,"1454 Royal Dornoch Drive, Jacksonville, FL 32221"
https://www.apartments.com/2849-taylor-hill-dr-jacksonville-fl/33gcnmd/,,"2849 Taylor Hill Dr, Jacksonville, FL 32221"
https://www.apartments.com/3427-eman-dr-jacksonville-fl/kk81cpc/,,"3427 Eman Dr, Jacksonville, FL 32216"
https://www.apartments.com/7385-new-mdws-ct-jacksonville-fl/spj8b06/,,"7385 New Mdws Ct, Jacksonville, FL 32222"
https://www.apartments.com/7134-beekman-lake-dr-jacksonville-fl/8e99c90/,,"7134 Beekman Lake Dr, Jacksonville, FL 32222"
https://www.apartments.com/6512-s-norde-dr-jacksonville-fl/nh42bdm/,,"6512 S Norde Dr, Jacksonville, FL 32244"
https://www.apartments.com/9831-timberlake-dr-e-jacksonville-fl/zxrgq1x/,,"9831 Timberlake Dr E, Jacksonville, FL 32257"
https://www.apartments.com/11267-bruce-dr-jacksonville-fl/lnxk2eg/,,"11267 Bruce Dr, Jacksonville, FL 32218"
https://www.apartments.com/13439-teddington-ln-jacksonville-fl/vedyrbf/,,"13439 Teddington Ln, Jacksonville, FL 32226"
https://www.apartments.com/336-spring-forest-ave-jacksonville-fl/r207hz1/,,"336 Spring Forest Ave, Jacksonville, FL 32216"
https://www.apartments.com/2886-rex-dr-s-jacksonville-fl/v88tm8e/,,"2886 Rex Dr S, Jacksonville, FL 32216"
https://www.apartments.com/2460-cedar-trace-dr-e-jacksonville-fl/47ewsxk/,,"2460 Cedar Trace Dr E, Jacksonville, FL 32246"
https://www.apartments.com/3055-dignan-st-jacksonville-fl/pplgy7s/,,"3055 Dignan St, Jacksonville, FL 32254"
https://www.apartments.com/3114-hampton-ave-e-jacksonville-fl/3eysgsf/,,"3114 Hampton Ave E, Jacksonville, FL 32216"
https://www.apartments.com/3412-glenn-hollow-ct-jacksonville-fl/t9b6lnb/,,"3412 Glenn Hollow Ct, Jacksonville, FL 32226"
https://www.apartments.com/4529-naranja-dr-s-jacksonville-fl/r0f42d2/,,"4529 Naranja Dr S, Jacksonville, FL 32217"
https://www.apartments.com/9635-clinton-corners-dr-jacksonville-fl/p53eywt/,,"9635 Clinton Corners Dr, Jacksonville, FL 32222"
https://www.apartments.com/11316-nettlebrook-st-w-jacksonville-fl/e9ljqjn/,,"11316 Nettlebrook St W, Jacksonville, FL 32218"
https://www.apartments.com/1948-sweet-olive-ct-jacksonville-fl/602tfct/,,"1948 Sweet Olive Ct, Jacksonville, FL 32218"
https://www.apartments.com/2035-dutton-island-oaks-wy-jacksonville-fl/yxssr0v/,,"2035 Dutton Island Oaks Wy, Jacksonville, FL 32233"
https://www.apartments.com/257-oceanway-ave-jacksonville-fl/k4k1w6b/,,"257 Oceanway Ave, Jacksonville, FL 32218"
https://www.apartments.com/7708-highchair-ln-jacksonville-fl/c5w1c0f/,,"7708 Highchair Ln, Jacksonville, FL 32210"
https://www.apartments.com/11512-dandelion-way-jacksonville-fl/2hptqdc/,,"11512 Dandelion Way, Jacksonville, FL 32223"
https://www.apartments.com/7110-yowdy-star-ln-jacksonville-fl/jrnty94/,,"7110 Yowdy Star Ln, Jacksonville, FL 32244"
https://www.apartments.com/8165-cheryl-ann-ln-jacksonville-fl/qf8rv0w/,,"8165 Cheryl Ann Ln, Jacksonville, FL 32244"
https://www.apartments.com/10547-biscayne-blvd-jacksonville-fl/pg7l73r/,,"10547 Biscayne Blvd, Jacksonville, FL 32218"
https://www.apartments.com/5625-fiat-ln-jacksonville-fl/tvpz36c/,,"5625 Fiat Ln, Jacksonville, FL 32244"
https://www.apartments.com/1172-denaud-st-jacksonville-fl/w6v8l4j/,,"1172 Denaud St, Jacksonville, FL 32205"
https://www.apartments.com/955-chalmet-ln-jacksonville-fl/dj8e09j/,,"955 Chalmet Ln, Jacksonville, FL 32218"
https://www.apartments.com/9745-touchton-rd-jacksonville-fl/1l5y755/,,"9745 Touchton Rd, Jacksonville, FL 32246"
https://www.apartments.com/2649-sam-houston-pl-jacksonville-fl/dcskcth/,,"2649 Sam Houston Pl, Jacksonville, FL 32246"
https://www.apartments.com/9330-joannes-wy-jacksonville-fl/b9e2vbc/,,"9330 Joannes Wy, Jacksonville, FL 32222"
https://www.apartments.com/1594-w-29th-st-jacksonville-fl/s1j4jv6/,,"1594 W 29th St, Jacksonville, FL 32209"
https://www.apartments.com/12700-bartram-park-blvd-jacksonville-fl-unit-2438/0d8ec71/,,"12700 Bartram Park Blvd Unit #2438, Jacksonville, FL 32258"
https://www.apartments.com/3376-n-laura-st-jacksonville-fl/kllwsv8/,,"3376 N Laura St, Jacksonville, FL 32206"
https://www.apartments.com/7063-deer-lodge-cir-jacksonville-fl/lcxdkkg/,,"7063 Deer Lodge Cir, Jacksonville, FL 32256"
https://www.apartments.com/1105-labelle-st-jacksonville-fl/3eeeqtg/,,"1105 Labelle St, Jacksonville, FL 32205"
https://www.apartments.com/11134-bradd-ave-jacksonville-fl/mm9j0pl/,,"11134 Bradd Ave, Jacksonville, FL 32219"
https://www.apartments.com/4805-catchfly-ct-jacksonville-fl/fthnwft/,,"4805 Catchfly Ct, Jacksonville, FL 32259"
https://www.apartments.com/1810-bertha-st-jacksonville-fl-unit-1151404476/wxftyck/,,"1810 Bertha St Unit 115.1404476, Jacksonville, FL 32207"
https://www.apartments.com/14900-inspire-wy-jacksonville-fl-unit-23281404731/mwckznk/,,"14900 Inspire Wy Unit 2328.1404731, Jacksonville, FL 32258"
https://www.apartments.com/834-cedar-st-jacksonville-fl/lq7pjyg/,,"834 Cedar St, Jacksonville, FL 32207"
https://www.apartments.com/2978-cassia-ln-jacksonville-fl/zb67ety/,,"2978 Cassia Ln, Jacksonville, FL 32246"
https://www.apartments.com/3460-beach-blvd-jacksonville-fl-unit-33101404470/1rj2h95/,,"3460 Beach Blvd Unit 3310.1404470, Jacksonville, FL 32207"
https://www.apartments.com/6214-barry-dr-w-jacksonville-fl/6s038rt/,,"6214 Barry Dr W, Jacksonville, FL 32208"
https://www.apartments.com/4347-hudnall-rd-jacksonville-fl/q74q2sx/,,"4347 Hudnall Rd, Jacksonville, FL 32207"
https://www.apartments.com/8057-voltaire-ct-e-jacksonville-fl/yxdkfdt/,,"8057 Voltaire Ct E, Jacksonville, FL 32277"
https://www.apartments.com/10626-hearthstone-dr-jacksonville-fl/gzy6r5z/,,"10626 Hearthstone Dr, Jacksonville, FL 32257"
https://www.apartments.com/8309-highgate-dr-jacksonville-fl/vzbvhff/,,"8309 Highgate Dr, Jacksonville, FL 32216"
https://www.apartments.com/12692-percy-ln-jacksonville-fl/qs2fwdx/,,"12692 Percy Ln, Jacksonville, FL 32218"
https://www.apartments.com/7104-pellias-rd-jacksonville-fl/ng3hhfp/,,"7104 Pellias Rd, Jacksonville, FL 32211"
https://www.apartments.com/1722-brewster-rd-jacksonville-fl/0s2ccw3/,,"1722 Brewster Rd, Jacksonville, FL 32207"
https://www.apartments.com/14041-hyatt-rd-jacksonville-fl-unit-31331405398/xtj5w2m/,,"14041 Hyatt Rd Unit 3133.1405398, Jacksonville, FL 32218"
https://www.apartments.com/10352-pinehurst-dr-jacksonville-fl/zbf1hwx/,,"10352 Pinehurst Dr, Jacksonville, FL 32218"
https://www.apartments.com/2327-ernest-st-jacksonville-fl/mmthrhj/,,"2327 Ernest St, Jacksonville, FL 32204"
https://www.apartments.com/1906-promenade-way-jacksonville-fl-unit-22101405504/nh9121q/,,"1906 Promenade Way Unit 2210.1405504, Jacksonville, FL 32207"
https://www.apartments.com/9232-dale-view-ln-w-jacksonville-fl/6qlznds/,,"9232 Dale View Ln W, Jacksonville, FL 32225"
https://www.apartments.com/12211-sapp-rd-jacksonville-fl/qgq2x6y/,,"12211 Sapp Rd, Jacksonville, FL 32226"
https://www.apartments.com/13317-egrets-marsh-dr-jacksonville-fl/ksh07c9/,,"13317 Egrets Marsh Dr, Jacksonville, FL 32224"
https://www.apartments.com/9436-gisborne-dr-jacksonville-fl/25zgttc/,,"9436 Gisborne Dr, Jacksonville, FL 32208"
https://www.apartments.com/5562-enchanted-dr-jacksonville-fl/3cm0rdf/,,"5562 Enchanted Dr, Jacksonville, FL 32244"
https://www.apartments.com/1319-w-22nd-st-jacksonville-fl/v8f0t4f/,,"1319 W 22nd St, Jacksonville, FL 32209"
https://www.apartments.com/2012-sailview-rd-jacksonville-fl/vf7sypg/,,"2012 Sailview Rd, Jacksonville, FL 32259"
https://www.apartments.com/830-southern-creek-dr-jacksonville-fl/gmlgwrz/,,"830 Southern Creek Dr, Jacksonville, FL 32259"
https://www.apartments.com/8093-great-valley-trail-jacksonville-fl/gnxyymx/,,"8093 Great Valley Trail, Jacksonville, FL 32244"
https://www.apartments.com/8478-mcgirts-village-ln-jacksonville-fl/97wxsm6/,,"8478 McGirts Village Ln, Jacksonville, FL 32210"
https://www.apartments.com/13810-sutton-park-dr-n-jacksonville-fl-unit-535/k00w6jb/,,"13810 Sutton Park Dr N Unit 535, Jacksonville, FL 32224"
https://www.apartments.com/1460-w-30th-st-jacksonville-fl/8eq6l21/,,"1460 W 30th St, Jacksonville, FL 32209"
https://www.apartments.com/1355-w-32nd-st-jacksonville-fl/pk8r42v/,,"1355 W 32nd St, Jacksonville, FL 32209"
https://www.apartments.com/2821-robert-st-jacksonville-fl/h94yq82/,,"2821 Robert St, Jacksonville, FL 32207"
https://www.apartments.com/218-church-st-w-jacksonville-fl-unit-405/l977ggd/,,"218 Church St W Unit 405, Jacksonville, FL 32202"
https://www.apartments.com/1739-n-market-st-jacksonville-fl-unit-2/dvg2njl/,,"1739 N Market St Unit 2, Jacksonville, FL 32206"
https://www.apartments.com/9808-caney-marsh-ct-jacksonville-fl/ms4tqck/,,"9808 Caney Marsh Ct, Jacksonville, FL 32218"
https://www.apartments.com/7849-moncrief-dinsmore-rd-jacksonville-fl/cgwz9nf/,,"7849 Moncrief Dinsmore Rd, Jacksonville, FL 32219"
https://www.apartments.com/12311-kensington-lakes-dr-jacksonville-fl-unit-1005/nshzf3n/,,"12311 Kensington Lakes Dr Unit 1005, Jacksonville, FL 32246"
https://www.apartments.com/412-e-ashley-st-jacksonville-fl-unit-304/tffbj99/,,"412 E Ashley St Unit 304, Jacksonville, FL 32202"
https://www.apartments.com/1501-w-45th-st-jacksonville-fl/6vspmrt/,,"1501 W 45th St, Jacksonville, FL 32208"
https://www.apartments.com/3915-laurie-st-jacksonville-fl/30p9zne/,,"3915 Laurie St, Jacksonville, FL 32206"
https://www.apartments.com/2053-baldwin-st-jacksonville-fl/mpg41ej/,,"2053 Baldwin St, Jacksonville, FL 32209"
https://www.apartments.com/2923-dellwood-ave-jacksonville-fl/1lx3vs4/,,"2923 Dellwood Ave, Jacksonville, FL 32205"
https://www.apartments.com/8652-villa-san-jose-dr-e-jacksonville-fl/r8srxd3/,,"8652 Villa San Jose Dr E, Jacksonville, FL 32217"
https://www.apartments.com/4510-glendas-meadow-dr-jacksonville-fl/t6d387c/,,"4510 Glendas Meadow Dr, Jacksonville, FL 32210"
https://www.apartments.com/1253-kenmore-st-jacksonville-fl/k6ec81c/,,"1253 Kenmore St, Jacksonville, FL 32208"
https://www.apartments.com/1993-franklin-st-jacksonville-fl/4z5escl/,,"1993 Franklin St, Jacksonville, FL 32206"
https://www.apartments.com/2037-meharry-ave-jacksonville-fl/nl3tsgq/,,"2037 Meharry Ave, Jacksonville, FL 32209"
https://www.apartments.com/3319-plum-st-jacksonville-fl/4ypjmxk/,,"3319 Plum St, Jacksonville, FL 32205"
https://www.apartments.com/10988-traci-lynn-dr-jacksonville-fl/zmfgdnz/,,"10988 Traci Lynn Dr, Jacksonville, FL 32218"
https://www.apartments.com/226-e-44th-st-jacksonville-fl/gknedcx/,,"226 E 44th St, Jacksonville, FL 32208"
https://www.apartments.com/8175-devoe-st-jacksonville-fl/mqr0xdj/,,"8175 Devoe St, Jacksonville, FL 32220"
